[{"fields": {"description": "Flora y / o fauna en su medio natural. Por ejemplo: vida silvestre, vegetaci\u00f3n, ciencias biol\u00f3gicas, ecolog\u00eda, vida silvestre, vida marina, humedales, h\u00e1bitat.", "image": "", "limit": 100, "offset": 0, "identifier": "Biota", "icon": ""}, "model": "geoandino.topictaxonomy", "pk": 13}, {"fields": {"description": "Descripciones legales de la tierra. Por ejemplo: l\u00edmites pol\u00edticos y administrativos.", "image": "", "limit": 100, "offset": 0, "identifier": "L\u00edmites", "icon": ""}, "model": "geoandino.topictaxonomy", "pk": 14}, {"fields": {"description": "Procesos y fen\u00f3menos atmosf\u00e9ricos. Por ejemplo: cobertura de nubes, condiciones atmosf\u00e9ricas, cambio clim\u00e1tico y precipitaciones.", "image": "", "limit": 100, "offset": 0, "identifier": "Climatolog\u00eda, meteorolog\u00eda, atm\u00f3sfera", "icon": ""}, "model": "geoandino.topictaxonomy", "pk": 15}, {"fields": {"description": "Actividades econ\u00f3micas, condiciones y empleo. Por ejemplo: producci\u00f3n, mano de obra, ingresos, comercio, industria, turismo y ecoturismo, silvicultura, pesca, caza comercial o de subsistencia, exploraci\u00f3n y explotaci\u00f3n de recursos como minerales, petr\u00f3leo y gas.", "image": "", "limit": 100, "offset": 0, "identifier": "Econom\u00eda", "icon": ""}, "model": "geoandino.topictaxonomy", "pk": 16}, {"fields": {"description": "Altura sobre o debajo del nivel del mar. Por ejemplo: altitud, batimetr\u00eda, modelos de elevaci\u00f3n digital, pendiente y productos derivados.", "image": "", "limit": 100, "offset": 0, "identifier": "Elevaci\u00f3n", "icon": ""}, "model": "geoandino.topictaxonomy", "pk": 17}, {"fields": {"description": "Recursos ambientales, protecci\u00f3n y conservaci\u00f3n. Por ejemplo: contaminaci\u00f3n ambiental, almacenamiento y tratamiento de residuos, evaluaci\u00f3n del impacto ambiental, supervisi\u00f3n del riesgo ambiental, reservas naturales y paisaje.", "image": "", "limit": 100, "offset": 0, "identifier": "Medio ambiente", "icon": ""}, "model": "geoandino.topictaxonomy", "pk": 18}, {"fields": {"description": "Cr\u00eda de animales y/o cultivo de plantas. Por ejemplo: agricultura, riego, acuicultura, plantaciones, pastoreo, plagas y enfermedades que afectan a cultivos y ganado.", "image": "", "limit": 100, "offset": 0, "identifier": "Agricultura", "icon": ""}, "model": "geoandino.topictaxonomy", "pk": 19}, {"fields": {"description": "Informaci\u00f3n relativa a las ciencias de la tierra. Por ejemplo: caracter\u00edsticas y procesos geof\u00edsicos, geolog\u00eda, minerales, ciencias relacionadas con la composici\u00f3n, estructura y origen de las rocas terrestres, riesgos de terremotos, actividad volc\u00e1nica, deslizamientos de tierra, informaci\u00f3n sobre gravedad, suelos, permafrost, hidrogeolog\u00eda, erosi\u00f3n.", "image": "", "limit": 100, "offset": 0, "identifier": " Informaci\u00f3n geocient\u00edfica", "icon": ""}, "model": "geoandino.topictaxonomy", "pk": 20}, {"fields": {"description": "Salud, servicios de salud, ecolog\u00eda humana y seguridad. Por ejemplo: enfermedades y dolencias, factores que afectan la salud, higiene, abuso de sustancias, salud mental y f\u00edsica, servicios de salud.", "image": "", "limit": 100, "offset": 0, "identifier": "Salud", "icon": ""}, "model": "geoandino.topictaxonomy", "pk": 21}, {"fields": {"description": "Mapas base. Por ejemplo: cobertura terrestre, mapas topogr\u00e1ficos, im\u00e1genes, im\u00e1genes no clasificadas y anotaciones.", "image": "", "limit": 100, "offset": 0, "identifier": "Mapas base de cobertura terrestre", "icon": ""}, "model": "geoandino.topictaxonomy", "pk": 22}, {"fields": {"description": "Caracter\u00edsticas de las aguas internas y de los sistemas de drenaje. Por ejemplo: r\u00edos y glaciares, lagos salados, planes de uso del agua, presas, corrientes e inundaciones, calidad del agua y cartas hidrogr\u00e1ficas.", "image": "", "limit": 100, "offset": 0, "identifier": "Aguas interiores", "icon": ""}, "model": "geoandino.topictaxonomy", "pk": 23}, {"fields": {"description": "Bases militares, estructuras y actividades. Por ejemplo: cuarteles, campos de entrenamiento, transporte militar y recolecci\u00f3n de informaci\u00f3n.", "image": "", "limit": 100, "offset": 0, "identifier": "Inteligencia militar", "icon": ""}, "model": "geoandino.topictaxonomy", "pk": 24}, {"fields": {"description": "Informaci\u00f3n posicional y servicios. Por ejemplo: direcciones, redes geod\u00e9sicas, puntos de control, zonas postales y servicios, y nombres de lugares.", "image": "", "limit": 100, "offset": 0, "identifier": "Ubicaci\u00f3n", "icon": ""}, "model": "geoandino.topictaxonomy", "pk": 25}, {"fields": {"description": "Caracter\u00edsticas de las aguas saladas, incluidas las aguas interiores. Por ejemplo: los recursos que describen las mareas, maremotos, informaci\u00f3n costera y arrecifes.", "image": "", "limit": 100, "offset": 0, "identifier": "Oc\u00e9anos", "icon": ""}, "model": "geoandino.topictaxonomy", "pk": 26}, {"fields": {"description": "Informaci\u00f3n para el uso de la tierra. Por ejemplo, los recursos que describen los mapas de zonificaci\u00f3n, levantamientos catastrales, y propiedad de la tierra.", "image": "", "limit": 100, "offset": 0, "identifier": "Planificaci\u00f3n de catastro", "icon": ""}, "model": "geoandino.topictaxonomy", "pk": 27}, {"fields": {"description": "Caracter\u00edsticas de la sociedad y de las culturas. Por ejemplo: asentamientos, antropolog\u00eda, arqueolog\u00eda, educaci\u00f3n, creencias, tradiciones y costumbres, datos demogr\u00e1ficos, \u00e1reas y actividades recreativas, evaluaci\u00f3n del impacto social, delincuencia y justicia, informaci\u00f3n censal.", "image": "", "limit": 100, "offset": 0, "identifier": "Sociedad", "icon": ""}, "model": "geoandino.topictaxonomy", "pk": 28}, {"fields": {"description": "Recursos construidos por el hombre. Por ejemplo: edificios, museos, iglesias, f\u00e1bricas, viviendas, monumentos, locales y torres.", "image": "", "limit": 100, "offset": 0, "identifier": "Estructura", "icon": ""}, "model": "geoandino.topictaxonomy", "pk": 29}, {"fields": {"description": "Medios y ayudas para el transporte de personas y/o mercanc\u00edas. Por ejemplo: rutas, aeropuertos y pistas de aterrizaje, rutas mar\u00edtimas, t\u00faneles, cartas n\u00e1uticas, ubicaci\u00f3n de veh\u00edculos o embarcaciones, cartas aeron\u00e1uticas y ferrocarriles.", "image": "", "limit": 100, "offset": 0, "identifier": "Transporte", "icon": ""}, "model": "geoandino.topictaxonomy", "pk": 30}, {"fields": {"description": "Energ\u00eda, agua, sistemas de residuos, y la infraestructura de comunicaciones y servicios. Por ejemplo: energ\u00eda hidroel\u00e9ctrica, geot\u00e9rmica, solar y de fuentes nucleares; purificaci\u00f3n y distribuci\u00f3n de agua; recolecci\u00f3n y eliminaci\u00f3n de aguas residuales; distribuci\u00f3n de gas y electricidad; comunicaci\u00f3n de datos, telecomunicaciones, radio y redes de comunicaci\u00f3n.", "image": "", "limit": 100, "offset": 0, "identifier": "Utilidades / Comunicaciones", "icon": ""}, "model": "geoandino.topictaxonomy", "pk": 31}, {"fields": {"topic_taxonomy": 19}, "model": "geoandino.geoandinotopiccategory", "pk": 2}, {"fields": {"topic_taxonomy": 23}, "model": "geoandino.geoandinotopiccategory", "pk": 7}, {"fields": {"topic_taxonomy": 13}, "model": "geoandino.geoandinotopiccategory", "pk": 13}, {"fields": {"topic_taxonomy": 15}, "model": "geoandino.geoandinotopiccategory", "pk": 19}, {"fields": {"topic_taxonomy": 16}, "model": "geoandino.geoandinotopiccategory", "pk": 11}, {"fields": {"topic_taxonomy": 17}, "model": "geoandino.geoandinotopiccategory", "pk": 3}, {"fields": {"topic_taxonomy": 29}, "model": "geoandino.geoandinotopiccategory", "pk": 18}, {"fields": {"topic_taxonomy": 20}, "model": "geoandino.geoandinotopiccategory", "pk": 1}, {"fields": {"topic_taxonomy": 24}, "model": "geoandino.geoandinotopiccategory", "pk": 8}, {"fields": {"topic_taxonomy": 14}, "model": "geoandino.geoandinotopiccategory", "pk": 6}, {"fields": {"topic_taxonomy": 22}, "model": "geoandino.geoandinotopiccategory", "pk": 15}, {"fields": {"topic_taxonomy": 18}, "model": "geoandino.geoandinotopiccategory", "pk": 9}, {"fields": {"topic_taxonomy": 26}, "model": "geoandino.geoandinotopiccategory", "pk": 5}, {"fields": {"topic_taxonomy": 27}, "model": "geoandino.geoandinotopiccategory", "pk": 12}, {"fields": {"topic_taxonomy": 21}, "model": "geoandino.geoandinotopiccategory", "pk": 14}, {"fields": {"topic_taxonomy": 28}, "model": "geoandino.geoandinotopiccategory", "pk": 17}, {"fields": {"topic_taxonomy": 30}, "model": "geoandino.geoandinotopiccategory", "pk": 16}, {"fields": {"topic_taxonomy": 25}, "model": "geoandino.geoandinotopiccategory", "pk": 10}, {"fields": {"topic_taxonomy": 31}, "model": "geoandino.geoandinotopiccategory", "pk": 4}, {"fields": {"is_choice": true, "description": "Informaci\u00f3n relativa a las ciencias de la tierra. Por ejemplo: caracter\u00edsticas y procesos geof\u00edsicos, geolog\u00eda, minerales, ciencias relacionadas con la composici\u00f3n, estructura y origen de las rocas terrestres, riesgos de terremotos, actividad volc\u00e1nica, deslizamientos de tierra, informaci\u00f3n sobre gravedad, suelos, permafrost, hidrogeolog\u00eda, erosi\u00f3n.", "gn_description": "Informaci\u00f3n geocient\u00edfica", "gn_description_en": "Informaci\u00f3n geocient\u00edfica", "description_en": "Informaci\u00f3n relativa a las ciencias de la tierra. Por ejemplo: caracter\u00edsticas y procesos geof\u00edsicos, geolog\u00eda, minerales, ciencias relacionadas con la composici\u00f3n, estructura y origen de las rocas terrestres, riesgos de terremotos, actividad volc\u00e1nica, deslizamientos de tierra, informaci\u00f3n sobre gravedad, suelos, permafrost, hidrogeolog\u00eda, erosi\u00f3n.", "fa_class": "fa-bullseye", "identifier": "informacion-geocientifica"}, "model": "base.topiccategory", "pk": 1}, {"fields": {"is_choice": true, "description": "Cr\u00eda de animales y/o cultivo de plantas. Por ejemplo: agricultura, riego, acuicultura, plantaciones, pastoreo, plagas y enfermedades que afectan a cultivos y ganado.", "gn_description": "Agricultura", "gn_description_en": "Agricultura", "description_en": "Cr\u00eda de animales y/o cultivo de plantas. Por ejemplo: agricultura, riego, acuicultura, plantaciones, pastoreo, plagas y enfermedades que afectan a cultivos y ganado.", "fa_class": "fa-lemon-o", "identifier": "agricultura"}, "model": "base.topiccategory", "pk": 2}, {"fields": {"is_choice": true, "description": "Altura sobre o debajo del nivel del mar. Por ejemplo: altitud, batimetr\u00eda, modelos de elevaci\u00f3n digital, pendiente y productos derivados.", "gn_description": "Elevaci\u00f3n", "gn_description_en": "Elevaci\u00f3n", "description_en": "Altura sobre o debajo del nivel del mar. Por ejemplo: altitud, batimetr\u00eda, modelos de elevaci\u00f3n digital, pendiente y productos derivados.", "fa_class": "fa-flag", "identifier": "elevacion"}, "model": "base.topiccategory", "pk": 3}, {"fields": {"is_choice": true, "description": "Energ\u00eda, agua, sistemas de residuos, y la infraestructura de comunicaciones y servicios. Por ejemplo: energ\u00eda hidroel\u00e9ctrica, geot\u00e9rmica, solar y de fuentes nucleares; purificaci\u00f3n y distribuci\u00f3n de agua; recolecci\u00f3n y eliminaci\u00f3n de aguas residuales; distribuci\u00f3n de gas y electricidad; comunicaci\u00f3n de datos, telecomunicaciones, radio y redes de comunicaci\u00f3n.", "gn_description": "Utilidades / Comunicaciones", "gn_description_en": "Utilidades / Comunicaciones", "description_en": "Energ\u00eda, agua, sistemas de residuos, y la infraestructura de comunicaciones y servicios. Por ejemplo: energ\u00eda hidroel\u00e9ctrica, geot\u00e9rmica, solar y de fuentes nucleares; purificaci\u00f3n y distribuci\u00f3n de agua; recolecci\u00f3n y eliminaci\u00f3n de aguas residuales; distribuci\u00f3n de gas y electricidad; comunicaci\u00f3n de datos, telecomunicaciones, radio y redes de comunicaci\u00f3n.", "fa_class": "fa-phone", "identifier": "utilidades/comunicaciones"}, "model": "base.topiccategory", "pk": 4}, {"fields": {"is_choice": true, "description": "Caracter\u00edsticas de las aguas saladas, incluidas las aguas interiores. Por ejemplo: los recursos que describen las mareas, maremotos, informaci\u00f3n costera y arrecifes.", "gn_description": "Oc\u00e9anos", "gn_description_en": "Oc\u00e9anos", "description_en": "Caracter\u00edsticas de las aguas saladas, incluidas las aguas interiores. Por ejemplo: los recursos que describen las mareas, maremotos, informaci\u00f3n costera y arrecifes.", "fa_class": "fa-anchor", "identifier": "oceanos"}, "model": "base.topiccategory", "pk": 5}, {"fields": {"is_choice": true, "description": "Descripciones legales de la tierra. Por ejemplo: l\u00edmites pol\u00edticos y administrativos.", "gn_description": "L\u00edmites", "gn_description_en": "L\u00edmites", "description_en": "Descripciones legales de la tierra. Por ejemplo: l\u00edmites pol\u00edticos y administrativos.", "fa_class": "fa-ellipsis-h", "identifier": "limites"}, "model": "base.topiccategory", "pk": 6}, {"fields": {"is_choice": true, "description": "Caracter\u00edsticas de las aguas internas y de los sistemas de drenaje. Por ejemplo: r\u00edos y glaciares, lagos salados, planes de uso del agua, presas, corrientes e inundaciones, calidad del agua y cartas hidrogr\u00e1ficas.", "gn_description": "Aguas interiores", "gn_description_en": "Aguas interiores", "description_en": "Caracter\u00edsticas de las aguas internas y de los sistemas de drenaje. Por ejemplo: r\u00edos y glaciares, lagos salados, planes de uso del agua, presas, corrientes e inundaciones, calidad del agua y cartas hidrogr\u00e1ficas.", "fa_class": "fa-tint", "identifier": "aguas-interiores"}, "model": "base.topiccategory", "pk": 7}, {"fields": {"is_choice": true, "description": "Bases militares, estructuras y actividades. Por ejemplo: cuarteles, campos de entrenamiento, transporte militar y recolecci\u00f3n de informaci\u00f3n.", "gn_description": "Inteligencia militar", "gn_description_en": "Inteligencia militar", "description_en": "Bases militares, estructuras y actividades. Por ejemplo: cuarteles, campos de entrenamiento, transporte militar y recolecci\u00f3n de informaci\u00f3n.", "fa_class": "fa-fighter-jet", "identifier": "inteligencia-militar"}, "model": "base.topiccategory", "pk": 8}, {"fields": {"is_choice": true, "description": "Recursos ambientales, protecci\u00f3n y conservaci\u00f3n. Por ejemplo: contaminaci\u00f3n ambiental, almacenamiento y tratamiento de residuos, evaluaci\u00f3n del impacto ambiental, supervisi\u00f3n del riesgo ambiental, reservas naturales y paisaje.", "gn_description": "Medio ambiente", "gn_description_en": "Medio ambiente", "description_en": "Recursos ambientales, protecci\u00f3n y conservaci\u00f3n. Por ejemplo: contaminaci\u00f3n ambiental, almacenamiento y tratamiento de residuos, evaluaci\u00f3n del impacto ambiental, supervisi\u00f3n del riesgo ambiental, reservas naturales y paisaje.", "fa_class": "fa-tree", "identifier": "medio-ambiente"}, "model": "base.topiccategory", "pk": 9}, {"fields": {"is_choice": true, "description": "Informaci\u00f3n posicional y servicios. Por ejemplo: direcciones, redes geod\u00e9sicas, puntos de control, zonas postales y servicios, y nombres de lugares.", "gn_description": "Ubicaci\u00f3n", "gn_description_en": "Ubicaci\u00f3n", "description_en": "Informaci\u00f3n posicional y servicios. Por ejemplo: direcciones, redes geod\u00e9sicas, puntos de control, zonas postales y servicios, y nombres de lugares.", "fa_class": "fa-map-marker", "identifier": "ubicacion"}, "model": "base.topiccategory", "pk": 10}, {"fields": {"is_choice": true, "description": "Actividades econ\u00f3micas, condiciones y empleo. Por ejemplo: producci\u00f3n, mano de obra, ingresos, comercio, industria, turismo y ecoturismo, silvicultura, pesca, caza comercial o de subsistencia, exploraci\u00f3n y explotaci\u00f3n de recursos como minerales, petr\u00f3leo y gas.", "gn_description": "Econom\u00eda", "gn_description_en": "Econom\u00eda", "description_en": "Actividades econ\u00f3micas, condiciones y empleo. Por ejemplo: producci\u00f3n, mano de obra, ingresos, comercio, industria, turismo y ecoturismo, silvicultura, pesca, caza comercial o de subsistencia, exploraci\u00f3n y explotaci\u00f3n de recursos como minerales, petr\u00f3leo y gas.", "fa_class": "fa-shopping-cart", "identifier": "economia"}, "model": "base.topiccategory", "pk": 11}, {"fields": {"is_choice": true, "description": "Informaci\u00f3n para el uso de la tierra. Por ejemplo, los recursos que describen los mapas de zonificaci\u00f3n, levantamientos catastrales, y propiedad de la tierra.", "gn_description": "Planificaci\u00f3n de catastro", "gn_description_en": "Planificaci\u00f3n de catastro", "description_en": "Informaci\u00f3n para el uso de la tierra. Por ejemplo, los recursos que describen los mapas de zonificaci\u00f3n, levantamientos catastrales, y propiedad de la tierra.", "fa_class": "fa-home", "identifier": "planificacion-de-catastro"}, "model": "base.topiccategory", "pk": 12}, {"fields": {"is_choice": true, "description": "Flora y / o fauna en su medio natural. Por ejemplo: vida silvestre, vegetaci\u00f3n, ciencias biol\u00f3gicas, ecolog\u00eda, vida silvestre, vida marina, humedales, h\u00e1bitat.", "gn_description": "Biota", "gn_description_en": "Biota", "description_en": "Flora y / o fauna en su medio natural. Por ejemplo: vida silvestre, vegetaci\u00f3n, ciencias biol\u00f3gicas, ecolog\u00eda, vida silvestre, vida marina, humedales, h\u00e1bitat.", "fa_class": "fa-leaf", "identifier": "biota"}, "model": "base.topiccategory", "pk": 13}, {"fields": {"is_choice": true, "description": "Salud, servicios de salud, ecolog\u00eda humana y seguridad. Por ejemplo: enfermedades y dolencias, factores que afectan la salud, higiene, abuso de sustancias, salud mental y f\u00edsica, servicios de salud.", "gn_description": "Salud", "gn_description_en": "Salud", "description_en": "Salud, servicios de salud, ecolog\u00eda humana y seguridad. Por ejemplo: enfermedades y dolencias, factores que afectan la salud, higiene, abuso de sustancias, salud mental y f\u00edsica, servicios de salud.", "fa_class": "fa-stethoscope", "identifier": "salud"}, "model": "base.topiccategory", "pk": 14}, {"fields": {"is_choice": true, "description": "Mapas base. Por ejemplo: cobertura terrestre, mapas topogr\u00e1ficos, im\u00e1genes, im\u00e1genes no clasificadas y anotaciones.", "gn_description": "Mapas base de cobertura terrestre", "gn_description_en": "Mapas base de cobertura terrestre", "description_en": "Mapas base. Por ejemplo: cobertura terrestre, mapas topogr\u00e1ficos, im\u00e1genes, im\u00e1genes no clasificadas y anotaciones.", "fa_class": "fa-globe", "identifier": "mapas-base-de-cobertura-terrestre"}, "model": "base.topiccategory", "pk": 15}, {"fields": {"is_choice": true, "description": "Medios y ayudas para el transporte de personas y/o mercanc\u00edas. Por ejemplo: rutas, aeropuertos y pistas de aterrizaje, rutas mar\u00edtimas, t\u00faneles, cartas n\u00e1uticas, ubicaci\u00f3n de veh\u00edculos o embarcaciones, cartas aeron\u00e1uticas y ferrocarriles.", "gn_description": "Transporte", "gn_description_en": "Transporte", "description_en": "Medios y ayudas para el transporte de personas y/o mercanc\u00edas. Por ejemplo: rutas, aeropuertos y pistas de aterrizaje, rutas mar\u00edtimas, t\u00faneles, cartas n\u00e1uticas, ubicaci\u00f3n de veh\u00edculos o embarcaciones, cartas aeron\u00e1uticas y ferrocarriles.", "fa_class": "fa-truck", "identifier": "transporte"}, "model": "base.topiccategory", "pk": 16}, {"fields": {"is_choice": true, "description": "Caracter\u00edsticas de la sociedad y de las culturas. Por ejemplo: asentamientos, antropolog\u00eda, arqueolog\u00eda, educaci\u00f3n, creencias, tradiciones y costumbres, datos demogr\u00e1ficos, \u00e1reas y actividades recreativas, evaluaci\u00f3n del impacto social, delincuencia y justicia, informaci\u00f3n censal.", "gn_description": "Sociedad", "gn_description_en": "Sociedad", "description_en": "Caracter\u00edsticas de la sociedad y de las culturas. Por ejemplo: asentamientos, antropolog\u00eda, arqueolog\u00eda, educaci\u00f3n, creencias, tradiciones y costumbres, datos demogr\u00e1ficos, \u00e1reas y actividades recreativas, evaluaci\u00f3n del impacto social, delincuencia y justicia, informaci\u00f3n censal.", "fa_class": "fa-comments", "identifier": "sociedad"}, "model": "base.topiccategory", "pk": 17}, {"fields": {"is_choice": true, "description": "Recursos construidos por el hombre. Por ejemplo: edificios, museos, iglesias, f\u00e1bricas, viviendas, monumentos, locales y torres.", "gn_description": "Estructura", "gn_description_en": "Estructura", "description_en": "Recursos construidos por el hombre. Por ejemplo: edificios, museos, iglesias, f\u00e1bricas, viviendas, monumentos, locales y torres.", "fa_class": "fa-building", "identifier": "estructura"}, "model": "base.topiccategory", "pk": 18}, {"fields": {"is_choice": true, "description": "Procesos y fen\u00f3menos atmosf\u00e9ricos. Por ejemplo: cobertura de nubes, condiciones atmosf\u00e9ricas, cambio clim\u00e1tico y precipitaciones.", "gn_description": "Climatolog\u00eda, meteorolog\u00eda, atm\u00f3sfera", "gn_description_en": "Climatolog\u00eda, meteorolog\u00eda, atm\u00f3sfera", "description_en": "Procesos y fen\u00f3menos atmosf\u00e9ricos. Por ejemplo: cobertura de nubes, condiciones atmosf\u00e9ricas, cambio clim\u00e1tico y precipitaciones.", "fa_class": "fa-cloud", "identifier": "climatologia,meteorologia,atmosfera"}, "model": "base.topiccategory", "pk": 19}, {"fields": {"is_choice": true, "description": "vector data is used to represent geographic data", "gn_description": "vector data is used to represent geographic data", "gn_description_en": "vector data is used to represent geographic data", "description_en": "vector data is used to represent geographic data", "identifier": "vector"}, "model": "base.spatialrepresentationtype", "pk": 1}, {"fields": {"is_choice": true, "description": "grid data is used to represent geographic data", "gn_description": "grid data is used to represent geographic data", "gn_description_en": "grid data is used to represent geographic data", "description_en": "grid data is used to represent geographic data", "identifier": "grid"}, "model": "base.spatialrepresentationtype", "pk": 2}, {"fields": {"is_choice": true, "description": "textual or tabular data is used to represent geographic data", "gn_description": "textual or tabular data is used to represent geographic data", "gn_description_en": "textual or tabular data is used to represent geographic data", "description_en": "textual or tabular data is used to represent geographic data", "identifier": "textTable"}, "model": "base.spatialrepresentationtype", "pk": 3}, {"fields": {"is_choice": true, "description": "triangulated irregular network", "gn_description": "triangulated irregular network", "gn_description_en": "triangulated irregular network", "description_en": "triangulated irregular network", "identifier": "tin"}, "model": "base.spatialrepresentationtype", "pk": 4}, {"fields": {"is_choice": true, "description": "three-dimensional view formed by the intersecting homologous rays of an overlapping pair of images", "gn_description": "three-dimensional view formed by the intersecting homologous rays of an overlapping pair of images", "gn_description_en": "three-dimensional view formed by the intersecting homologous rays of an overlapping pair of images", "description_en": "three-dimensional view formed by the intersecting homologous rays of an overlapping pair of images", "identifier": "stereoModel"}, "model": "base.spatialrepresentationtype", "pk": 5}, {"fields": {"is_choice": true, "description": "scene from a video recording", "gn_description": "scene from a video recording", "gn_description_en": "scene from a video recording", "description_en": "scene from a video recording", "identifier": "video"}, "model": "base.spatialrepresentationtype", "pk": 6}, {"fields": {"rght": 516, "code": "GLO", "name": "Global", "parent": null, "level": 0, "lft": 1, "tree_id": 90, "name_en": "Global"}, "model": "base.region", "pk": 1}, {"fields": {"rght": 212, "code": "NAM", "name": "North America", "parent": 254, "level": 2, "lft": 203, "tree_id": 90, "name_en": "North America"}, "model": "base.region", "pk": 2}, {"fields": {"rght": 202, "code": "CAM", "name": "Central America", "parent": 254, "level": 2, "lft": 187, "tree_id": 90, "name_en": "Central America"}, "model": "base.region", "pk": 3}, {"fields": {"rght": 242, "code": "SAM", "name": "South America", "parent": 254, "level": 2, "lft": 213, "tree_id": 90, "name_en": "South America"}, "model": "base.region", "pk": 4}, {"fields": {"rght": 433, "code": "EUR", "name": "Europe", "parent": 1, "level": 1, "lft": 318, "tree_id": 90, "name_en": "Europe"}, "model": "base.region", "pk": 5}, {"fields": {"rght": 317, "code": "ASI", "name": "Asia", "parent": 1, "level": 1, "lft": 246, "tree_id": 90, "name_en": "Asia"}, "model": "base.region", "pk": 6}, {"fields": {"rght": 316, "code": "SEA", "name": "Southeast Asia", "parent": 6, "level": 2, "lft": 293, "tree_id": 90, "name_en": "Southeast Asia"}, "model": "base.region", "pk": 7}, {"fields": {"rght": 260, "code": "CTA", "name": "Central Asia", "parent": 6, "level": 2, "lft": 247, "tree_id": 90, "name_en": "Central Asia"}, "model": "base.region", "pk": 8}, {"fields": {"rght": 292, "code": "SAS", "name": "South Asia", "parent": 6, "level": 2, "lft": 277, "tree_id": 90, "name_en": "South Asia"}, "model": "base.region", "pk": 9}, {"fields": {"rght": 127, "code": "AFR", "name": "Africa", "parent": 1, "level": 1, "lft": 2, "tree_id": 90, "name_en": "Africa"}, "model": "base.region", "pk": 10}, {"fields": {"rght": 64, "code": "NAF", "name": "North Africa", "parent": 10, "level": 2, "lft": 49, "tree_id": 90, "name_en": "North Africa"}, "model": "base.region", "pk": 11}, {"fields": {"rght": 48, "code": "EAF", "name": "East Africa", "parent": 10, "level": 2, "lft": 13, "tree_id": 90, "name_en": "East Africa"}, "model": "base.region", "pk": 12}, {"fields": {"rght": 126, "code": "WAF", "name": "West Africa", "parent": 10, "level": 2, "lft": 83, "tree_id": 90, "name_en": "West Africa"}, "model": "base.region", "pk": 13}, {"fields": {"rght": 82, "code": "SAF", "name": "Southern Africa", "parent": 10, "level": 2, "lft": 65, "tree_id": 90, "name_en": "Southern Africa"}, "model": "base.region", "pk": 14}, {"fields": {"rght": 463, "code": "MES", "name": "Middle East", "parent": 1, "level": 1, "lft": 434, "tree_id": 90, "name_en": "Middle East"}, "model": "base.region", "pk": 15}, {"fields": {"rght": 245, "code": "ANT", "name": "Antarctica", "parent": 1, "level": 1, "lft": 244, "tree_id": 90, "name_en": "Antarctica"}, "model": "base.region", "pk": 16}, {"fields": {"rght": 249, "code": "AFG", "name": "Afghanistan", "parent": 8, "level": 3, "lft": 248, "tree_id": 90, "name_en": "Afghanistan"}, "model": "base.region", "pk": 17}, {"fields": {"rght": 320, "code": "ALA", "name": "Aland Islands", "parent": 5, "level": 2, "lft": 319, "tree_id": 90, "name_en": "Aland Islands"}, "model": "base.region", "pk": 18}, {"fields": {"rght": 322, "code": "ALB", "name": "Albania", "parent": 5, "level": 2, "lft": 321, "tree_id": 90, "name_en": "Albania"}, "model": "base.region", "pk": 19}, {"fields": {"rght": 51, "code": "DZA", "name": "Algeria", "parent": 11, "level": 3, "lft": 50, "tree_id": 90, "name_en": "Algeria"}, "model": "base.region", "pk": 20}, {"fields": {"rght": 466, "code": "ASM", "name": "American Samoa", "parent": 256, "level": 2, "lft": 465, "tree_id": 90, "name_en": "American Samoa"}, "model": "base.region", "pk": 21}, {"fields": {"rght": 324, "code": "AND", "name": "Andorra", "parent": 5, "level": 2, "lft": 323, "tree_id": 90, "name_en": "Andorra"}, "model": "base.region", "pk": 22}, {"fields": {"rght": 85, "code": "AGO", "name": "Angola", "parent": 13, "level": 3, "lft": 84, "tree_id": 90, "name_en": "Angola"}, "model": "base.region", "pk": 23}, {"fields": {"rght": 131, "code": "AIA", "name": "Anguilla", "parent": 255, "level": 3, "lft": 130, "tree_id": 90, "name_en": "Anguilla"}, "model": "base.region", "pk": 24}, {"fields": {"rght": 133, "code": "ATG", "name": "Antigua and Barbuda", "parent": 255, "level": 3, "lft": 132, "tree_id": 90, "name_en": "Antigua and Barbuda"}, "model": "base.region", "pk": 25}, {"fields": {"rght": 215, "code": "ARG", "name": "Argentina", "parent": 4, "level": 3, "lft": 214, "tree_id": 90, "name_en": "Argentina"}, "model": "base.region", "pk": 26}, {"fields": {"rght": 326, "code": "ARM", "name": "Armenia", "parent": 5, "level": 2, "lft": 325, "tree_id": 90, "name_en": "Armenia"}, "model": "base.region", "pk": 27}, {"fields": {"rght": 135, "code": "ABW", "name": "Aruba", "parent": 255, "level": 3, "lft": 134, "tree_id": 90, "name_en": "Aruba"}, "model": "base.region", "pk": 28}, {"fields": {"rght": 468, "code": "AUS", "name": "Australia", "parent": 256, "level": 2, "lft": 467, "tree_id": 90, "name_en": "Australia"}, "model": "base.region", "pk": 29}, {"fields": {"rght": 328, "code": "AUT", "name": "Austria", "parent": 5, "level": 2, "lft": 327, "tree_id": 90, "name_en": "Austria"}, "model": "base.region", "pk": 30}, {"fields": {"rght": 330, "code": "AZE", "name": "Azerbaijan", "parent": 5, "level": 2, "lft": 329, "tree_id": 90, "name_en": "Azerbaijan"}, "model": "base.region", "pk": 31}, {"fields": {"rght": 137, "code": "BHS", "name": "Bahamas", "parent": 255, "level": 3, "lft": 136, "tree_id": 90, "name_en": "Bahamas"}, "model": "base.region", "pk": 32}, {"fields": {"rght": 436, "code": "BHR", "name": "Bahrain", "parent": 15, "level": 2, "lft": 435, "tree_id": 90, "name_en": "Bahrain"}, "model": "base.region", "pk": 33}, {"fields": {"rght": 279, "code": "BGD", "name": "Bangladesh", "parent": 9, "level": 3, "lft": 278, "tree_id": 90, "name_en": "Bangladesh"}, "model": "base.region", "pk": 34}, {"fields": {"rght": 139, "code": "BRB", "name": "Barbados", "parent": 255, "level": 3, "lft": 138, "tree_id": 90, "name_en": "Barbados"}, "model": "base.region", "pk": 35}, {"fields": {"rght": 332, "code": "BLR", "name": "Belarus", "parent": 5, "level": 2, "lft": 331, "tree_id": 90, "name_en": "Belarus"}, "model": "base.region", "pk": 36}, {"fields": {"rght": 334, "code": "BEL", "name": "Belgium", "parent": 5, "level": 2, "lft": 333, "tree_id": 90, "name_en": "Belgium"}, "model": "base.region", "pk": 37}, {"fields": {"rght": 189, "code": "BLZ", "name": "Belize", "parent": 3, "level": 3, "lft": 188, "tree_id": 90, "name_en": "Belize"}, "model": "base.region", "pk": 38}, {"fields": {"rght": 87, "code": "BEN", "name": "Benin", "parent": 13, "level": 3, "lft": 86, "tree_id": 90, "name_en": "Benin"}, "model": "base.region", "pk": 39}, {"fields": {"rght": 141, "code": "BMU", "name": "Bermuda", "parent": 255, "level": 3, "lft": 140, "tree_id": 90, "name_en": "Bermuda"}, "model": "base.region", "pk": 40}, {"fields": {"rght": 281, "code": "BTN", "name": "Bhutan", "parent": 9, "level": 3, "lft": 280, "tree_id": 90, "name_en": "Bhutan"}, "model": "base.region", "pk": 41}, {"fields": {"rght": 217, "code": "BOL", "name": "Bolivia", "parent": 4, "level": 3, "lft": 216, "tree_id": 90, "name_en": "Bolivia"}, "model": "base.region", "pk": 42}, {"fields": {"rght": 336, "code": "BIH", "name": "Bosnia and Herzegovina", "parent": 5, "level": 2, "lft": 335, "tree_id": 90, "name_en": "Bosnia and Herzegovina"}, "model": "base.region", "pk": 43}, {"fields": {"rght": 67, "code": "BWA", "name": "Botswana", "parent": 14, "level": 3, "lft": 66, "tree_id": 90, "name_en": "Botswana"}, "model": "base.region", "pk": 44}, {"fields": {"rght": 219, "code": "BRA", "name": "Brazil", "parent": 4, "level": 3, "lft": 218, "tree_id": 90, "name_en": "Brazil"}, "model": "base.region", "pk": 45}, {"fields": {"rght": 143, "code": "VGB", "name": "British Virgin Islands", "parent": 255, "level": 3, "lft": 142, "tree_id": 90, "name_en": "British Virgin Islands"}, "model": "base.region", "pk": 46}, {"fields": {"rght": 295, "code": "BRN", "name": "Brunei Darussalam", "parent": 7, "level": 3, "lft": 294, "tree_id": 90, "name_en": "Brunei Darussalam"}, "model": "base.region", "pk": 47}, {"fields": {"rght": 338, "code": "BGR", "name": "Bulgaria", "parent": 5, "level": 2, "lft": 337, "tree_id": 90, "name_en": "Bulgaria"}, "model": "base.region", "pk": 48}, {"fields": {"rght": 89, "code": "BFA", "name": "Burkina Faso", "parent": 13, "level": 3, "lft": 88, "tree_id": 90, "name_en": "Burkina Faso"}, "model": "base.region", "pk": 49}, {"fields": {"rght": 15, "code": "BDI", "name": "Burundi", "parent": 12, "level": 3, "lft": 14, "tree_id": 90, "name_en": "Burundi"}, "model": "base.region", "pk": 50}, {"fields": {"rght": 297, "code": "KHM", "name": "Cambodia", "parent": 7, "level": 3, "lft": 296, "tree_id": 90, "name_en": "Cambodia"}, "model": "base.region", "pk": 51}, {"fields": {"rght": 91, "code": "CMR", "name": "Cameroon", "parent": 13, "level": 3, "lft": 90, "tree_id": 90, "name_en": "Cameroon"}, "model": "base.region", "pk": 52}, {"fields": {"rght": 205, "code": "CAN", "name": "Canada", "parent": 2, "level": 3, "lft": 204, "tree_id": 90, "name_en": "Canada"}, "model": "base.region", "pk": 53}, {"fields": {"rght": 93, "code": "CPV", "name": "Cape Verde", "parent": 13, "level": 3, "lft": 92, "tree_id": 90, "name_en": "Cape Verde"}, "model": "base.region", "pk": 54}, {"fields": {"rght": 145, "code": "CYM", "name": "Cayman Islands", "parent": 255, "level": 3, "lft": 144, "tree_id": 90, "name_en": "Cayman Islands"}, "model": "base.region", "pk": 55}, {"fields": {"rght": 5, "code": "CAF", "name": "Central African Republic", "parent": 257, "level": 3, "lft": 4, "tree_id": 90, "name_en": "Central African Republic"}, "model": "base.region", "pk": 56}, {"fields": {"rght": 7, "code": "TCD", "name": "Chad", "parent": 257, "level": 3, "lft": 6, "tree_id": 90, "name_en": "Chad"}, "model": "base.region", "pk": 57}, {"fields": {"rght": 340, "code": "CIL", "name": "Channel Islands", "parent": 5, "level": 2, "lft": 339, "tree_id": 90, "name_en": "Channel Islands"}, "model": "base.region", "pk": 58}, {"fields": {"rght": 221, "code": "CHL", "name": "Chile", "parent": 4, "level": 3, "lft": 220, "tree_id": 90, "name_en": "Chile"}, "model": "base.region", "pk": 59}, {"fields": {"rght": 263, "code": "CHN", "name": "China", "parent": 258, "level": 3, "lft": 262, "tree_id": 90, "name_en": "China"}, "model": "base.region", "pk": 60}, {"fields": {"rght": 265, "code": "HKG", "name": "China - Hong Kong", "parent": 258, "level": 3, "lft": 264, "tree_id": 90, "name_en": "China - Hong Kong"}, "model": "base.region", "pk": 61}, {"fields": {"rght": 267, "code": "MAC", "name": "China - Macao", "parent": 258, "level": 3, "lft": 266, "tree_id": 90, "name_en": "China - Macao"}, "model": "base.region", "pk": 62}, {"fields": {"rght": 223, "code": "COL", "name": "Colombia", "parent": 4, "level": 3, "lft": 222, "tree_id": 90, "name_en": "Colombia"}, "model": "base.region", "pk": 63}, {"fields": {"rght": 17, "code": "COM", "name": "Comoros", "parent": 12, "level": 3, "lft": 16, "tree_id": 90, "name_en": "Comoros"}, "model": "base.region", "pk": 64}, {"fields": {"rght": 9, "code": "COG", "name": "Congo", "parent": 257, "level": 3, "lft": 8, "tree_id": 90, "name_en": "Congo"}, "model": "base.region", "pk": 65}, {"fields": {"rght": 470, "code": "COK", "name": "Cook Islands", "parent": 256, "level": 2, "lft": 469, "tree_id": 90, "name_en": "Cook Islands"}, "model": "base.region", "pk": 66}, {"fields": {"rght": 191, "code": "CRI", "name": "Costa Rica", "parent": 3, "level": 3, "lft": 190, "tree_id": 90, "name_en": "Costa Rica"}, "model": "base.region", "pk": 67}, {"fields": {"rght": 95, "code": "CIV", "name": "Cote d'Ivoire", "parent": 13, "level": 3, "lft": 94, "tree_id": 90, "name_en": "Cote d'Ivoire"}, "model": "base.region", "pk": 68}, {"fields": {"rght": 342, "code": "HRV", "name": "Croatia", "parent": 5, "level": 2, "lft": 341, "tree_id": 90, "name_en": "Croatia"}, "model": "base.region", "pk": 69}, {"fields": {"rght": 147, "code": "CUB", "name": "Cuba", "parent": 255, "level": 3, "lft": 146, "tree_id": 90, "name_en": "Cuba"}, "model": "base.region", "pk": 70}, {"fields": {"rght": 344, "code": "CYP", "name": "Cyprus", "parent": 5, "level": 2, "lft": 343, "tree_id": 90, "name_en": "Cyprus"}, "model": "base.region", "pk": 71}, {"fields": {"rght": 346, "code": "CZE", "name": "Czech Republic", "parent": 5, "level": 2, "lft": 345, "tree_id": 90, "name_en": "Czech Republic"}, "model": "base.region", "pk": 72}, {"fields": {"rght": 269, "code": "PRK", "name": "Democratic People's Republic of Korea", "parent": 258, "level": 3, "lft": 268, "tree_id": 90, "name_en": "Democratic People's Republic of Korea"}, "model": "base.region", "pk": 73}, {"fields": {"rght": 11, "code": "COD", "name": "Democratic Republic of the Congo", "parent": 257, "level": 3, "lft": 10, "tree_id": 90, "name_en": "Democratic Republic of the Congo"}, "model": "base.region", "pk": 74}, {"fields": {"rght": 348, "code": "DNK", "name": "Denmark", "parent": 5, "level": 2, "lft": 347, "tree_id": 90, "name_en": "Denmark"}, "model": "base.region", "pk": 75}, {"fields": {"rght": 19, "code": "DJI", "name": "Djibouti", "parent": 12, "level": 3, "lft": 18, "tree_id": 90, "name_en": "Djibouti"}, "model": "base.region", "pk": 76}, {"fields": {"rght": 149, "code": "DMA", "name": "Dominica", "parent": 255, "level": 3, "lft": 148, "tree_id": 90, "name_en": "Dominica"}, "model": "base.region", "pk": 77}, {"fields": {"rght": 151, "code": "DOM", "name": "Dominican Republic", "parent": 255, "level": 3, "lft": 150, "tree_id": 90, "name_en": "Dominican Republic"}, "model": "base.region", "pk": 78}, {"fields": {"rght": 225, "code": "ECU", "name": "Ecuador", "parent": 4, "level": 3, "lft": 224, "tree_id": 90, "name_en": "Ecuador"}, "model": "base.region", "pk": 79}, {"fields": {"rght": 53, "code": "EGY", "name": "Egypt", "parent": 11, "level": 3, "lft": 52, "tree_id": 90, "name_en": "Egypt"}, "model": "base.region", "pk": 80}, {"fields": {"rght": 193, "code": "SLV", "name": "El Salvador", "parent": 3, "level": 3, "lft": 192, "tree_id": 90, "name_en": "El Salvador"}, "model": "base.region", "pk": 81}, {"fields": {"rght": 97, "code": "GNQ", "name": "Equatorial Guinea", "parent": 13, "level": 3, "lft": 96, "tree_id": 90, "name_en": "Equatorial Guinea"}, "model": "base.region", "pk": 82}, {"fields": {"rght": 21, "code": "ERI", "name": "Eritrea", "parent": 12, "level": 3, "lft": 20, "tree_id": 90, "name_en": "Eritrea"}, "model": "base.region", "pk": 83}, {"fields": {"rght": 350, "code": "EST", "name": "Estonia", "parent": 5, "level": 2, "lft": 349, "tree_id": 90, "name_en": "Estonia"}, "model": "base.region", "pk": 84}, {"fields": {"rght": 23, "code": "ETH", "name": "Ethiopia", "parent": 12, "level": 3, "lft": 22, "tree_id": 90, "name_en": "Ethiopia"}, "model": "base.region", "pk": 85}, {"fields": {"rght": 352, "code": "FRO", "name": "Faeroe Islands", "parent": 5, "level": 2, "lft": 351, "tree_id": 90, "name_en": "Faeroe Islands"}, "model": "base.region", "pk": 86}, {"fields": {"rght": 227, "code": "FLK", "name": "Falkland Islands (Malvinas)", "parent": 4, "level": 3, "lft": 226, "tree_id": 90, "name_en": "Falkland Islands (Malvinas)"}, "model": "base.region", "pk": 87}, {"fields": {"rght": 472, "code": "FJI", "name": "Fiji", "parent": 256, "level": 2, "lft": 471, "tree_id": 90, "name_en": "Fiji"}, "model": "base.region", "pk": 88}, {"fields": {"rght": 354, "code": "FIN", "name": "Finland", "parent": 5, "level": 2, "lft": 353, "tree_id": 90, "name_en": "Finland"}, "model": "base.region", "pk": 89}, {"fields": {"rght": 356, "code": "FRA", "name": "France", "parent": 5, "level": 2, "lft": 355, "tree_id": 90, "name_en": "France"}, "model": "base.region", "pk": 90}, {"fields": {"rght": 229, "code": "GUF", "name": "French Guiana", "parent": 4, "level": 3, "lft": 228, "tree_id": 90, "name_en": "French Guiana"}, "model": "base.region", "pk": 91}, {"fields": {"rght": 474, "code": "PYF", "name": "French Polynesia", "parent": 256, "level": 2, "lft": 473, "tree_id": 90, "name_en": "French Polynesia"}, "model": "base.region", "pk": 92}, {"fields": {"rght": 99, "code": "GAB", "name": "Gabon", "parent": 13, "level": 3, "lft": 98, "tree_id": 90, "name_en": "Gabon"}, "model": "base.region", "pk": 93}, {"fields": {"rght": 101, "code": "GMB", "name": "Gambia", "parent": 13, "level": 3, "lft": 100, "tree_id": 90, "name_en": "Gambia"}, "model": "base.region", "pk": 94}, {"fields": {"rght": 358, "code": "GEO", "name": "Georgia", "parent": 5, "level": 2, "lft": 357, "tree_id": 90, "name_en": "Georgia"}, "model": "base.region", "pk": 95}, {"fields": {"rght": 360, "code": "DEU", "name": "Germany", "parent": 5, "level": 2, "lft": 359, "tree_id": 90, "name_en": "Germany"}, "model": "base.region", "pk": 96}, {"fields": {"rght": 103, "code": "GHA", "name": "Ghana", "parent": 13, "level": 3, "lft": 102, "tree_id": 90, "name_en": "Ghana"}, "model": "base.region", "pk": 97}, {"fields": {"rght": 362, "code": "GIB", "name": "Gibraltar", "parent": 5, "level": 2, "lft": 361, "tree_id": 90, "name_en": "Gibraltar"}, "model": "base.region", "pk": 98}, {"fields": {"rght": 364, "code": "GRC", "name": "Greece", "parent": 5, "level": 2, "lft": 363, "tree_id": 90, "name_en": "Greece"}, "model": "base.region", "pk": 99}, {"fields": {"rght": 207, "code": "GRL", "name": "Greenland", "parent": 2, "level": 3, "lft": 206, "tree_id": 90, "name_en": "Greenland"}, "model": "base.region", "pk": 100}, {"fields": {"rght": 153, "code": "GRD", "name": "Grenada", "parent": 255, "level": 3, "lft": 152, "tree_id": 90, "name_en": "Grenada"}, "model": "base.region", "pk": 101}, {"fields": {"rght": 155, "code": "GLP", "name": "Guadeloupe", "parent": 255, "level": 3, "lft": 154, "tree_id": 90, "name_en": "Guadeloupe"}, "model": "base.region", "pk": 102}, {"fields": {"rght": 476, "code": "GUM", "name": "Guam", "parent": 256, "level": 2, "lft": 475, "tree_id": 90, "name_en": "Guam"}, "model": "base.region", "pk": 103}, {"fields": {"rght": 195, "code": "GTM", "name": "Guatemala", "parent": 3, "level": 3, "lft": 194, "tree_id": 90, "name_en": "Guatemala"}, "model": "base.region", "pk": 104}, {"fields": {"rght": 366, "code": "GGY", "name": "Guernsey", "parent": 5, "level": 2, "lft": 365, "tree_id": 90, "name_en": "Guernsey"}, "model": "base.region", "pk": 105}, {"fields": {"rght": 105, "code": "GIN", "name": "Guinea", "parent": 13, "level": 3, "lft": 104, "tree_id": 90, "name_en": "Guinea"}, "model": "base.region", "pk": 106}, {"fields": {"rght": 107, "code": "GNB", "name": "Guinea-Bissau", "parent": 13, "level": 3, "lft": 106, "tree_id": 90, "name_en": "Guinea-Bissau"}, "model": "base.region", "pk": 107}, {"fields": {"rght": 231, "code": "GUY", "name": "Guyana", "parent": 4, "level": 3, "lft": 230, "tree_id": 90, "name_en": "Guyana"}, "model": "base.region", "pk": 108}, {"fields": {"rght": 157, "code": "HTI", "name": "Haiti", "parent": 255, "level": 3, "lft": 156, "tree_id": 90, "name_en": "Haiti"}, "model": "base.region", "pk": 109}, {"fields": {"rght": 368, "code": "VAT", "name": "Holy See (Vatican City)", "parent": 5, "level": 2, "lft": 367, "tree_id": 90, "name_en": "Holy See (Vatican City)"}, "model": "base.region", "pk": 110}, {"fields": {"rght": 197, "code": "HND", "name": "Honduras", "parent": 3, "level": 3, "lft": 196, "tree_id": 90, "name_en": "Honduras"}, "model": "base.region", "pk": 111}, {"fields": {"rght": 370, "code": "HUN", "name": "Hungary", "parent": 5, "level": 2, "lft": 369, "tree_id": 90, "name_en": "Hungary"}, "model": "base.region", "pk": 112}, {"fields": {"rght": 372, "code": "ISL", "name": "Iceland", "parent": 5, "level": 2, "lft": 371, "tree_id": 90, "name_en": "Iceland"}, "model": "base.region", "pk": 113}, {"fields": {"rght": 283, "code": "IND", "name": "India", "parent": 9, "level": 3, "lft": 282, "tree_id": 90, "name_en": "India"}, "model": "base.region", "pk": 114}, {"fields": {"rght": 299, "code": "IDN", "name": "Indonesia", "parent": 7, "level": 3, "lft": 298, "tree_id": 90, "name_en": "Indonesia"}, "model": "base.region", "pk": 115}, {"fields": {"rght": 438, "code": "IRN", "name": "Iran", "parent": 15, "level": 2, "lft": 437, "tree_id": 90, "name_en": "Iran"}, "model": "base.region", "pk": 116}, {"fields": {"rght": 440, "code": "IRQ", "name": "Iraq", "parent": 15, "level": 2, "lft": 439, "tree_id": 90, "name_en": "Iraq"}, "model": "base.region", "pk": 117}, {"fields": {"rght": 374, "code": "IRL", "name": "Ireland", "parent": 5, "level": 2, "lft": 373, "tree_id": 90, "name_en": "Ireland"}, "model": "base.region", "pk": 118}, {"fields": {"rght": 376, "code": "IMN", "name": "Isle of Man", "parent": 5, "level": 2, "lft": 375, "tree_id": 90, "name_en": "Isle of Man"}, "model": "base.region", "pk": 119}, {"fields": {"rght": 442, "code": "ISR", "name": "Israel", "parent": 15, "level": 2, "lft": 441, "tree_id": 90, "name_en": "Israel"}, "model": "base.region", "pk": 120}, {"fields": {"rght": 378, "code": "ITA", "name": "Italy", "parent": 5, "level": 2, "lft": 377, "tree_id": 90, "name_en": "Italy"}, "model": "base.region", "pk": 121}, {"fields": {"rght": 159, "code": "JAM", "name": "Jamaica", "parent": 255, "level": 3, "lft": 158, "tree_id": 90, "name_en": "Jamaica"}, "model": "base.region", "pk": 122}, {"fields": {"rght": 271, "code": "JPN", "name": "Japan", "parent": 258, "level": 3, "lft": 270, "tree_id": 90, "name_en": "Japan"}, "model": "base.region", "pk": 123}, {"fields": {"rght": 380, "code": "JEY", "name": "Jersey", "parent": 5, "level": 2, "lft": 379, "tree_id": 90, "name_en": "Jersey"}, "model": "base.region", "pk": 124}, {"fields": {"rght": 444, "code": "JOR", "name": "Jordan", "parent": 15, "level": 2, "lft": 443, "tree_id": 90, "name_en": "Jordan"}, "model": "base.region", "pk": 125}, {"fields": {"rght": 251, "code": "KAZ", "name": "Kazakhstan", "parent": 8, "level": 3, "lft": 250, "tree_id": 90, "name_en": "Kazakhstan"}, "model": "base.region", "pk": 126}, {"fields": {"rght": 25, "code": "KEN", "name": "Kenya", "parent": 12, "level": 3, "lft": 24, "tree_id": 90, "name_en": "Kenya"}, "model": "base.region", "pk": 127}, {"fields": {"rght": 478, "code": "KIR", "name": "Kiribati", "parent": 256, "level": 2, "lft": 477, "tree_id": 90, "name_en": "Kiribati"}, "model": "base.region", "pk": 128}, {"fields": {"rght": 446, "code": "KWT", "name": "Kuwait", "parent": 15, "level": 2, "lft": 445, "tree_id": 90, "name_en": "Kuwait"}, "model": "base.region", "pk": 129}, {"fields": {"rght": 253, "code": "KGZ", "name": "Kyrgyzstan", "parent": 8, "level": 3, "lft": 252, "tree_id": 90, "name_en": "Kyrgyzstan"}, "model": "base.region", "pk": 130}, {"fields": {"rght": 301, "code": "LAO", "name": "Lao People's Democratic Republic", "parent": 7, "level": 3, "lft": 300, "tree_id": 90, "name_en": "Lao People's Democratic Republic"}, "model": "base.region", "pk": 131}, {"fields": {"rght": 382, "code": "LVA", "name": "Latvia", "parent": 5, "level": 2, "lft": 381, "tree_id": 90, "name_en": "Latvia"}, "model": "base.region", "pk": 132}, {"fields": {"rght": 448, "code": "LBN", "name": "Lebanon", "parent": 15, "level": 2, "lft": 447, "tree_id": 90, "name_en": "Lebanon"}, "model": "base.region", "pk": 133}, {"fields": {"rght": 69, "code": "LSO", "name": "Lesotho", "parent": 14, "level": 3, "lft": 68, "tree_id": 90, "name_en": "Lesotho"}, "model": "base.region", "pk": 134}, {"fields": {"rght": 109, "code": "LBR", "name": "Liberia", "parent": 13, "level": 3, "lft": 108, "tree_id": 90, "name_en": "Liberia"}, "model": "base.region", "pk": 135}, {"fields": {"rght": 55, "code": "LBY", "name": "Libyan Arab Jamahiriya", "parent": 11, "level": 3, "lft": 54, "tree_id": 90, "name_en": "Libyan Arab Jamahiriya"}, "model": "base.region", "pk": 136}, {"fields": {"rght": 384, "code": "LIE", "name": "Liechtenstein", "parent": 5, "level": 2, "lft": 383, "tree_id": 90, "name_en": "Liechtenstein"}, "model": "base.region", "pk": 137}, {"fields": {"rght": 386, "code": "LTU", "name": "Lithuania", "parent": 5, "level": 2, "lft": 385, "tree_id": 90, "name_en": "Lithuania"}, "model": "base.region", "pk": 138}, {"fields": {"rght": 388, "code": "LUX", "name": "Luxembourg", "parent": 5, "level": 2, "lft": 387, "tree_id": 90, "name_en": "Luxembourg"}, "model": "base.region", "pk": 139}, {"fields": {"rght": 390, "code": "MKD", "name": "Macedonia", "parent": 5, "level": 2, "lft": 389, "tree_id": 90, "name_en": "Macedonia"}, "model": "base.region", "pk": 140}, {"fields": {"rght": 27, "code": "MDG", "name": "Madagascar", "parent": 12, "level": 3, "lft": 26, "tree_id": 90, "name_en": "Madagascar"}, "model": "base.region", "pk": 141}, {"fields": {"rght": 29, "code": "MWI", "name": "Malawi", "parent": 12, "level": 3, "lft": 28, "tree_id": 90, "name_en": "Malawi"}, "model": "base.region", "pk": 142}, {"fields": {"rght": 303, "code": "MYS", "name": "Malaysia", "parent": 7, "level": 3, "lft": 302, "tree_id": 90, "name_en": "Malaysia"}, "model": "base.region", "pk": 143}, {"fields": {"rght": 285, "code": "MDV", "name": "Maldives", "parent": 9, "level": 3, "lft": 284, "tree_id": 90, "name_en": "Maldives"}, "model": "base.region", "pk": 144}, {"fields": {"rght": 111, "code": "MLI", "name": "Mali", "parent": 13, "level": 3, "lft": 110, "tree_id": 90, "name_en": "Mali"}, "model": "base.region", "pk": 145}, {"fields": {"rght": 392, "code": "MLT", "name": "Malta", "parent": 5, "level": 2, "lft": 391, "tree_id": 90, "name_en": "Malta"}, "model": "base.region", "pk": 146}, {"fields": {"rght": 480, "code": "MHL", "name": "Marshall Islands", "parent": 256, "level": 2, "lft": 479, "tree_id": 90, "name_en": "Marshall Islands"}, "model": "base.region", "pk": 147}, {"fields": {"rght": 161, "code": "MTQ", "name": "Martinique", "parent": 255, "level": 3, "lft": 160, "tree_id": 90, "name_en": "Martinique"}, "model": "base.region", "pk": 148}, {"fields": {"rght": 113, "code": "MRT", "name": "Mauritania", "parent": 13, "level": 3, "lft": 112, "tree_id": 90, "name_en": "Mauritania"}, "model": "base.region", "pk": 149}, {"fields": {"rght": 31, "code": "MUS", "name": "Mauritius", "parent": 12, "level": 3, "lft": 30, "tree_id": 90, "name_en": "Mauritius"}, "model": "base.region", "pk": 150}, {"fields": {"rght": 33, "code": "MYT", "name": "Mayotte", "parent": 12, "level": 3, "lft": 32, "tree_id": 90, "name_en": "Mayotte"}, "model": "base.region", "pk": 151}, {"fields": {"rght": 209, "code": "MEX", "name": "Mexico", "parent": 2, "level": 3, "lft": 208, "tree_id": 90, "name_en": "Mexico"}, "model": "base.region", "pk": 152}, {"fields": {"rght": 482, "code": "FSM", "name": "Micronesia, Federated States of", "parent": 256, "level": 2, "lft": 481, "tree_id": 90, "name_en": "Micronesia, Federated States of"}, "model": "base.region", "pk": 153}, {"fields": {"rght": 394, "code": "MCO", "name": "Monaco", "parent": 5, "level": 2, "lft": 393, "tree_id": 90, "name_en": "Monaco"}, "model": "base.region", "pk": 154}, {"fields": {"rght": 273, "code": "MNG", "name": "Mongolia", "parent": 258, "level": 3, "lft": 272, "tree_id": 90, "name_en": "Mongolia"}, "model": "base.region", "pk": 155}, {"fields": {"rght": 396, "code": "MNE", "name": "Montenegro", "parent": 5, "level": 2, "lft": 395, "tree_id": 90, "name_en": "Montenegro"}, "model": "base.region", "pk": 156}, {"fields": {"rght": 163, "code": "MSR", "name": "Montserrat", "parent": 255, "level": 3, "lft": 162, "tree_id": 90, "name_en": "Montserrat"}, "model": "base.region", "pk": 157}, {"fields": {"rght": 57, "code": "MAR", "name": "Morocco", "parent": 11, "level": 3, "lft": 56, "tree_id": 90, "name_en": "Morocco"}, "model": "base.region", "pk": 158}, {"fields": {"rght": 35, "code": "MOZ", "name": "Mozambique", "parent": 12, "level": 3, "lft": 34, "tree_id": 90, "name_en": "Mozambique"}, "model": "base.region", "pk": 159}, {"fields": {"rght": 305, "code": "MMR", "name": "Myanmar", "parent": 7, "level": 3, "lft": 304, "tree_id": 90, "name_en": "Myanmar"}, "model": "base.region", "pk": 160}, {"fields": {"rght": 71, "code": "NMB", "name": "Namibia", "parent": 14, "level": 3, "lft": 70, "tree_id": 90, "name_en": "Namibia"}, "model": "base.region", "pk": 161}, {"fields": {"rght": 484, "code": "NRU", "name": "Nauru", "parent": 256, "level": 2, "lft": 483, "tree_id": 90, "name_en": "Nauru"}, "model": "base.region", "pk": 162}, {"fields": {"rght": 287, "code": "NPL", "name": "Nepal", "parent": 9, "level": 3, "lft": 286, "tree_id": 90, "name_en": "Nepal"}, "model": "base.region", "pk": 163}, {"fields": {"rght": 398, "code": "NLD", "name": "Netherlands", "parent": 5, "level": 2, "lft": 397, "tree_id": 90, "name_en": "Netherlands"}, "model": "base.region", "pk": 164}, {"fields": {"rght": 165, "code": "NAN", "name": "Netherlands Antilles", "parent": 255, "level": 3, "lft": 164, "tree_id": 90, "name_en": "Netherlands Antilles"}, "model": "base.region", "pk": 165}, {"fields": {"rght": 486, "code": "NCL", "name": "New Caledonia", "parent": 256, "level": 2, "lft": 485, "tree_id": 90, "name_en": "New Caledonia"}, "model": "base.region", "pk": 166}, {"fields": {"rght": 488, "code": "NZL", "name": "New Zealand", "parent": 256, "level": 2, "lft": 487, "tree_id": 90, "name_en": "New Zealand"}, "model": "base.region", "pk": 167}, {"fields": {"rght": 199, "code": "NIC", "name": "Nicaragua", "parent": 3, "level": 3, "lft": 198, "tree_id": 90, "name_en": "Nicaragua"}, "model": "base.region", "pk": 168}, {"fields": {"rght": 115, "code": "NER", "name": "Niger", "parent": 13, "level": 3, "lft": 114, "tree_id": 90, "name_en": "Niger"}, "model": "base.region", "pk": 169}, {"fields": {"rght": 117, "code": "NGA", "name": "Nigeria", "parent": 13, "level": 3, "lft": 116, "tree_id": 90, "name_en": "Nigeria"}, "model": "base.region", "pk": 170}, {"fields": {"rght": 490, "code": "NIU", "name": "Niue", "parent": 256, "level": 2, "lft": 489, "tree_id": 90, "name_en": "Niue"}, "model": "base.region", "pk": 171}, {"fields": {"rght": 492, "code": "NFK", "name": "Norfolk Island", "parent": 256, "level": 2, "lft": 491, "tree_id": 90, "name_en": "Norfolk Island"}, "model": "base.region", "pk": 172}, {"fields": {"rght": 494, "code": "MNP", "name": "Northern Mariana Islands", "parent": 256, "level": 2, "lft": 493, "tree_id": 90, "name_en": "Northern Mariana Islands"}, "model": "base.region", "pk": 173}, {"fields": {"rght": 400, "code": "NOR", "name": "Norway", "parent": 5, "level": 2, "lft": 399, "tree_id": 90, "name_en": "Norway"}, "model": "base.region", "pk": 174}, {"fields": {"rght": 450, "code": "PSE", "name": "Occupied Palestinian Territory", "parent": 15, "level": 2, "lft": 449, "tree_id": 90, "name_en": "Occupied Palestinian Territory"}, "model": "base.region", "pk": 175}, {"fields": {"rght": 452, "code": "OMN", "name": "Oman", "parent": 15, "level": 2, "lft": 451, "tree_id": 90, "name_en": "Oman"}, "model": "base.region", "pk": 176}, {"fields": {"rght": 289, "code": "PAK", "name": "Pakistan", "parent": 9, "level": 3, "lft": 288, "tree_id": 90, "name_en": "Pakistan"}, "model": "base.region", "pk": 177}, {"fields": {"rght": 496, "code": "PLW", "name": "Palau", "parent": 256, "level": 2, "lft": 495, "tree_id": 90, "name_en": "Palau"}, "model": "base.region", "pk": 178}, {"fields": {"rght": 201, "code": "PAN", "name": "Panama", "parent": 3, "level": 3, "lft": 200, "tree_id": 90, "name_en": "Panama"}, "model": "base.region", "pk": 179}, {"fields": {"rght": 498, "code": "PNG", "name": "Papua New Guinea", "parent": 256, "level": 2, "lft": 497, "tree_id": 90, "name_en": "Papua New Guinea"}, "model": "base.region", "pk": 180}, {"fields": {"rght": 233, "code": "PRY", "name": "Paraguay", "parent": 4, "level": 3, "lft": 232, "tree_id": 90, "name_en": "Paraguay"}, "model": "base.region", "pk": 181}, {"fields": {"rght": 235, "code": "PER", "name": "Peru", "parent": 4, "level": 3, "lft": 234, "tree_id": 90, "name_en": "Peru"}, "model": "base.region", "pk": 182}, {"fields": {"rght": 307, "code": "PHL", "name": "Philippines", "parent": 7, "level": 3, "lft": 306, "tree_id": 90, "name_en": "Philippines"}, "model": "base.region", "pk": 183}, {"fields": {"rght": 500, "code": "PCN", "name": "Pitcairn", "parent": 256, "level": 2, "lft": 499, "tree_id": 90, "name_en": "Pitcairn"}, "model": "base.region", "pk": 184}, {"fields": {"rght": 402, "code": "POL", "name": "Poland", "parent": 5, "level": 2, "lft": 401, "tree_id": 90, "name_en": "Poland"}, "model": "base.region", "pk": 185}, {"fields": {"rght": 404, "code": "PRT", "name": "Portugal", "parent": 5, "level": 2, "lft": 403, "tree_id": 90, "name_en": "Portugal"}, "model": "base.region", "pk": 186}, {"fields": {"rght": 167, "code": "PRI", "name": "Puerto Rico", "parent": 255, "level": 3, "lft": 166, "tree_id": 90, "name_en": "Puerto Rico"}, "model": "base.region", "pk": 187}, {"fields": {"rght": 454, "code": "QAT", "name": "Qatar", "parent": 15, "level": 2, "lft": 453, "tree_id": 90, "name_en": "Qatar"}, "model": "base.region", "pk": 188}, {"fields": {"rght": 275, "code": "KOR", "name": "Republic of Korea", "parent": 258, "level": 3, "lft": 274, "tree_id": 90, "name_en": "Republic of Korea"}, "model": "base.region", "pk": 189}, {"fields": {"rght": 406, "code": "MDA", "name": "Republic of Moldova", "parent": 5, "level": 2, "lft": 405, "tree_id": 90, "name_en": "Republic of Moldova"}, "model": "base.region", "pk": 190}, {"fields": {"rght": 37, "code": "REU", "name": "Reunion", "parent": 12, "level": 3, "lft": 36, "tree_id": 90, "name_en": "Reunion"}, "model": "base.region", "pk": 191}, {"fields": {"rght": 408, "code": "ROU", "name": "Romania", "parent": 5, "level": 2, "lft": 407, "tree_id": 90, "name_en": "Romania"}, "model": "base.region", "pk": 192}, {"fields": {"rght": 410, "code": "RUS", "name": "Russian Federation", "parent": 5, "level": 2, "lft": 409, "tree_id": 90, "name_en": "Russian Federation"}, "model": "base.region", "pk": 193}, {"fields": {"rght": 39, "code": "RWA", "name": "Rwanda", "parent": 12, "level": 3, "lft": 38, "tree_id": 90, "name_en": "Rwanda"}, "model": "base.region", "pk": 194}, {"fields": {"rght": 73, "code": "SHN", "name": "Saint Helena", "parent": 14, "level": 3, "lft": 72, "tree_id": 90, "name_en": "Saint Helena"}, "model": "base.region", "pk": 195}, {"fields": {"rght": 169, "code": "KNA", "name": "Saint Kitts and Nevis", "parent": 255, "level": 3, "lft": 168, "tree_id": 90, "name_en": "Saint Kitts and Nevis"}, "model": "base.region", "pk": 196}, {"fields": {"rght": 171, "code": "LCA", "name": "Saint Lucia", "parent": 255, "level": 3, "lft": 170, "tree_id": 90, "name_en": "Saint Lucia"}, "model": "base.region", "pk": 197}, {"fields": {"rght": 173, "code": "SPM", "name": "Saint Pierre and Miquelon", "parent": 255, "level": 3, "lft": 172, "tree_id": 90, "name_en": "Saint Pierre and Miquelon"}, "model": "base.region", "pk": 198}, {"fields": {"rght": 175, "code": "VCT", "name": "Saint Vincent and the Grenadines", "parent": 255, "level": 3, "lft": 174, "tree_id": 90, "name_en": "Saint Vincent and the Grenadines"}, "model": "base.region", "pk": 199}, {"fields": {"rght": 177, "code": "BLM", "name": "Saint-Barthelemy", "parent": 255, "level": 3, "lft": 176, "tree_id": 90, "name_en": "Saint-Barthelemy"}, "model": "base.region", "pk": 200}, {"fields": {"rght": 179, "code": "MAF", "name": "Saint-Martin (French part)", "parent": 255, "level": 3, "lft": 178, "tree_id": 90, "name_en": "Saint-Martin (French part)"}, "model": "base.region", "pk": 201}, {"fields": {"rght": 502, "code": "WSM", "name": "Samoa", "parent": 256, "level": 2, "lft": 501, "tree_id": 90, "name_en": "Samoa"}, "model": "base.region", "pk": 202}, {"fields": {"rght": 412, "code": "SMR", "name": "San Marino", "parent": 5, "level": 2, "lft": 411, "tree_id": 90, "name_en": "San Marino"}, "model": "base.region", "pk": 203}, {"fields": {"rght": 119, "code": "STP", "name": "Sao Tome and Principe", "parent": 13, "level": 3, "lft": 118, "tree_id": 90, "name_en": "Sao Tome and Principe"}, "model": "base.region", "pk": 204}, {"fields": {"rght": 456, "code": "SAU", "name": "Saudi Arabia", "parent": 15, "level": 2, "lft": 455, "tree_id": 90, "name_en": "Saudi Arabia"}, "model": "base.region", "pk": 205}, {"fields": {"rght": 121, "code": "SEN", "name": "Senegal", "parent": 13, "level": 3, "lft": 120, "tree_id": 90, "name_en": "Senegal"}, "model": "base.region", "pk": 206}, {"fields": {"rght": 414, "code": "SRB", "name": "Serbia", "parent": 5, "level": 2, "lft": 413, "tree_id": 90, "name_en": "Serbia"}, "model": "base.region", "pk": 207}, {"fields": {"rght": 41, "code": "SYC", "name": "Seychelles", "parent": 12, "level": 3, "lft": 40, "tree_id": 90, "name_en": "Seychelles"}, "model": "base.region", "pk": 208}, {"fields": {"rght": 123, "code": "SLE", "name": "Sierra Leone", "parent": 13, "level": 3, "lft": 122, "tree_id": 90, "name_en": "Sierra Leone"}, "model": "base.region", "pk": 209}, {"fields": {"rght": 309, "code": "SGP", "name": "Singapore", "parent": 7, "level": 3, "lft": 308, "tree_id": 90, "name_en": "Singapore"}, "model": "base.region", "pk": 210}, {"fields": {"rght": 416, "code": "SVK", "name": "Slovakia", "parent": 5, "level": 2, "lft": 415, "tree_id": 90, "name_en": "Slovakia"}, "model": "base.region", "pk": 211}, {"fields": {"rght": 418, "code": "SVN", "name": "Slovenia", "parent": 5, "level": 2, "lft": 417, "tree_id": 90, "name_en": "Slovenia"}, "model": "base.region", "pk": 212}, {"fields": {"rght": 504, "code": "SLB", "name": "Solomon Islands", "parent": 256, "level": 2, "lft": 503, "tree_id": 90, "name_en": "Solomon Islands"}, "model": "base.region", "pk": 213}, {"fields": {"rght": 43, "code": "SOM", "name": "Somalia", "parent": 12, "level": 3, "lft": 42, "tree_id": 90, "name_en": "Somalia"}, "model": "base.region", "pk": 214}, {"fields": {"rght": 75, "code": "ZAF", "name": "South Africa", "parent": 14, "level": 3, "lft": 74, "tree_id": 90, "name_en": "South Africa"}, "model": "base.region", "pk": 215}, {"fields": {"rght": 420, "code": "ESP", "name": "Spain", "parent": 5, "level": 2, "lft": 419, "tree_id": 90, "name_en": "Spain"}, "model": "base.region", "pk": 216}, {"fields": {"rght": 291, "code": "LKA", "name": "Sri Lanka", "parent": 9, "level": 3, "lft": 290, "tree_id": 90, "name_en": "Sri Lanka"}, "model": "base.region", "pk": 217}, {"fields": {"rght": 59, "code": "SDN", "name": "Sudan", "parent": 11, "level": 3, "lft": 58, "tree_id": 90, "name_en": "Sudan"}, "model": "base.region", "pk": 218}, {"fields": {"rght": 237, "code": "SUR", "name": "Suriname", "parent": 4, "level": 3, "lft": 236, "tree_id": 90, "name_en": "Suriname"}, "model": "base.region", "pk": 219}, {"fields": {"rght": 422, "code": "SJM", "name": "Svalbard and Jan Mayen Islands", "parent": 5, "level": 2, "lft": 421, "tree_id": 90, "name_en": "Svalbard and Jan Mayen Islands"}, "model": "base.region", "pk": 220}, {"fields": {"rght": 77, "code": "SWZ", "name": "Swaziland", "parent": 14, "level": 3, "lft": 76, "tree_id": 90, "name_en": "Swaziland"}, "model": "base.region", "pk": 221}, {"fields": {"rght": 424, "code": "SWE", "name": "Sweden", "parent": 5, "level": 2, "lft": 423, "tree_id": 90, "name_en": "Sweden"}, "model": "base.region", "pk": 222}, {"fields": {"rght": 426, "code": "CHE", "name": "Switzerland", "parent": 5, "level": 2, "lft": 425, "tree_id": 90, "name_en": "Switzerland"}, "model": "base.region", "pk": 223}, {"fields": {"rght": 458, "code": "SYR", "name": "Syrian Arab Republic", "parent": 15, "level": 2, "lft": 457, "tree_id": 90, "name_en": "Syrian Arab Republic"}, "model": "base.region", "pk": 224}, {"fields": {"rght": 255, "code": "TJK", "name": "Tajikistan", "parent": 8, "level": 3, "lft": 254, "tree_id": 90, "name_en": "Tajikistan"}, "model": "base.region", "pk": 225}, {"fields": {"rght": 311, "code": "THA", "name": "Thailand", "parent": 7, "level": 3, "lft": 310, "tree_id": 90, "name_en": "Thailand"}, "model": "base.region", "pk": 226}, {"fields": {"rght": 313, "code": "TLS", "name": "Timor-Leste", "parent": 7, "level": 3, "lft": 312, "tree_id": 90, "name_en": "Timor-Leste"}, "model": "base.region", "pk": 227}, {"fields": {"rght": 125, "code": "TGO", "name": "Togo", "parent": 13, "level": 3, "lft": 124, "tree_id": 90, "name_en": "Togo"}, "model": "base.region", "pk": 228}, {"fields": {"rght": 506, "code": "TKL", "name": "Tokelau", "parent": 256, "level": 2, "lft": 505, "tree_id": 90, "name_en": "Tokelau"}, "model": "base.region", "pk": 229}, {"fields": {"rght": 508, "code": "TON", "name": "Tonga", "parent": 256, "level": 2, "lft": 507, "tree_id": 90, "name_en": "Tonga"}, "model": "base.region", "pk": 230}, {"fields": {"rght": 181, "code": "TTO", "name": "Trinidad and Tobago", "parent": 255, "level": 3, "lft": 180, "tree_id": 90, "name_en": "Trinidad and Tobago"}, "model": "base.region", "pk": 231}, {"fields": {"rght": 61, "code": "TUN", "name": "Tunisia", "parent": 11, "level": 3, "lft": 60, "tree_id": 90, "name_en": "Tunisia"}, "model": "base.region", "pk": 232}, {"fields": {"rght": 428, "code": "TUR", "name": "Turkey", "parent": 5, "level": 2, "lft": 427, "tree_id": 90, "name_en": "Turkey"}, "model": "base.region", "pk": 233}, {"fields": {"rght": 257, "code": "TKM", "name": "Turkmenistan", "parent": 8, "level": 3, "lft": 256, "tree_id": 90, "name_en": "Turkmenistan"}, "model": "base.region", "pk": 234}, {"fields": {"rght": 183, "code": "TCA", "name": "Turks and Caicos Islands", "parent": 255, "level": 3, "lft": 182, "tree_id": 90, "name_en": "Turks and Caicos Islands"}, "model": "base.region", "pk": 235}, {"fields": {"rght": 510, "code": "TUV", "name": "Tuvalu", "parent": 256, "level": 2, "lft": 509, "tree_id": 90, "name_en": "Tuvalu"}, "model": "base.region", "pk": 236}, {"fields": {"rght": 45, "code": "UGA", "name": "Uganda", "parent": 12, "level": 3, "lft": 44, "tree_id": 90, "name_en": "Uganda"}, "model": "base.region", "pk": 237}, {"fields": {"rght": 430, "code": "UKR", "name": "Ukraine", "parent": 5, "level": 2, "lft": 429, "tree_id": 90, "name_en": "Ukraine"}, "model": "base.region", "pk": 238}, {"fields": {"rght": 460, "code": "ARE", "name": "United Arab Emirates", "parent": 15, "level": 2, "lft": 459, "tree_id": 90, "name_en": "United Arab Emirates"}, "model": "base.region", "pk": 239}, {"fields": {"rght": 432, "code": "GBR", "name": "United Kingdom", "parent": 5, "level": 2, "lft": 431, "tree_id": 90, "name_en": "United Kingdom"}, "model": "base.region", "pk": 240}, {"fields": {"rght": 47, "code": "TZA", "name": "United Republic of Tanzania", "parent": 12, "level": 3, "lft": 46, "tree_id": 90, "name_en": "United Republic of Tanzania"}, "model": "base.region", "pk": 241}, {"fields": {"rght": 185, "code": "VIR", "name": "United States Virgin Islands", "parent": 255, "level": 3, "lft": 184, "tree_id": 90, "name_en": "United States Virgin Islands"}, "model": "base.region", "pk": 242}, {"fields": {"rght": 211, "code": "USA", "name": "United States of America", "parent": 2, "level": 3, "lft": 210, "tree_id": 90, "name_en": "United States of America"}, "model": "base.region", "pk": 243}, {"fields": {"rght": 239, "code": "URY", "name": "Uruguay", "parent": 4, "level": 3, "lft": 238, "tree_id": 90, "name_en": "Uruguay"}, "model": "base.region", "pk": 244}, {"fields": {"rght": 259, "code": "UZB", "name": "Uzbekistan", "parent": 8, "level": 3, "lft": 258, "tree_id": 90, "name_en": "Uzbekistan"}, "model": "base.region", "pk": 245}, {"fields": {"rght": 512, "code": "VUT", "name": "Vanuatu", "parent": 256, "level": 2, "lft": 511, "tree_id": 90, "name_en": "Vanuatu"}, "model": "base.region", "pk": 246}, {"fields": {"rght": 241, "code": "VEN", "name": "Venezuela (Bolivarian Republic of)", "parent": 4, "level": 3, "lft": 240, "tree_id": 90, "name_en": "Venezuela (Bolivarian Republic of)"}, "model": "base.region", "pk": 247}, {"fields": {"rght": 315, "code": "VNM", "name": "Viet Nam", "parent": 7, "level": 3, "lft": 314, "tree_id": 90, "name_en": "Viet Nam"}, "model": "base.region", "pk": 248}, {"fields": {"rght": 514, "code": "WLF", "name": "Wallis and Futuna Islands", "parent": 256, "level": 2, "lft": 513, "tree_id": 90, "name_en": "Wallis and Futuna Islands"}, "model": "base.region", "pk": 249}, {"fields": {"rght": 63, "code": "ESH", "name": "Western Sahara", "parent": 11, "level": 3, "lft": 62, "tree_id": 90, "name_en": "Western Sahara"}, "model": "base.region", "pk": 250}, {"fields": {"rght": 462, "code": "YEM", "name": "Yemen", "parent": 15, "level": 2, "lft": 461, "tree_id": 90, "name_en": "Yemen"}, "model": "base.region", "pk": 251}, {"fields": {"rght": 79, "code": "ZMB", "name": "Zambia", "parent": 14, "level": 3, "lft": 78, "tree_id": 90, "name_en": "Zambia"}, "model": "base.region", "pk": 252}, {"fields": {"rght": 81, "code": "ZWE", "name": "Zimbabwe", "parent": 14, "level": 3, "lft": 80, "tree_id": 90, "name_en": "Zimbabwe"}, "model": "base.region", "pk": 253}, {"fields": {"rght": 243, "code": "AME", "name": "Americas", "parent": 1, "level": 1, "lft": 128, "tree_id": 90, "name_en": "Americas"}, "model": "base.region", "pk": 254}, {"fields": {"rght": 186, "code": "CRB", "name": "Caribbean", "parent": 254, "level": 2, "lft": 129, "tree_id": 90, "name_en": "Caribbean"}, "model": "base.region", "pk": 255}, {"fields": {"rght": 515, "code": "PAC", "name": "Pacific", "parent": 1, "level": 1, "lft": 464, "tree_id": 90, "name_en": "Pacific"}, "model": "base.region", "pk": 256}, {"fields": {"rght": 12, "code": "CFR", "name": "Central Africa", "parent": 10, "level": 2, "lft": 3, "tree_id": 90, "name_en": "Central Africa"}, "model": "base.region", "pk": 257}, {"fields": {"rght": 276, "code": "EAS", "name": "East Asia", "parent": 6, "level": 2, "lft": 261, "tree_id": 90, "name_en": "East Asia"}, "model": "base.region", "pk": 258}, {"fields": {"rght": 59, "code": "SSD", "name": "South Sudan", "parent": 11, "level": 3, "lft": 58, "tree_id": 90, "name_en": "South Sudan"}, "model": "base.region", "pk": 259}, {"fields": {"is_choice": true, "description": "exclusive right to the publication, production, or sale of the rights to a literary, dramatic, musical, or artistic work, or to the use of a commercial print or label, granted by law for a specified period of time to an author, composer, artist, distributor", "gn_description": "exclusive right to the publication, production, or sale of the rights to a literary, dramatic, musical, or artistic work, or to the use of a commercial print or label, granted by law for a specified period of time to an author, composer, artist, distributor", "gn_description_en": "exclusive right to the publication, production, or sale of the rights to a literary, dramatic, musical, or artistic work, or to the use of a commercial print or label, granted by law for a specified period of time to an author, composer, artist, distributor", "description_en": "exclusive right to the publication, production, or sale of the rights to a literary, dramatic, musical, or artistic work, or to the use of a commercial print or label, granted by law for a specified period of time to an author, composer, artist, distributor", "identifier": "copyright"}, "model": "base.restrictioncodetype", "pk": 1}, {"fields": {"is_choice": true, "description": "government has granted exclusive right to make, sell, use or license an invention or discovery", "gn_description": "government has granted exclusive right to make, sell, use or license an invention or discovery", "gn_description_en": "government has granted exclusive right to make, sell, use or license an invention or discovery", "description_en": "government has granted exclusive right to make, sell, use or license an invention or discovery", "identifier": "patent"}, "model": "base.restrictioncodetype", "pk": 2}, {"fields": {"is_choice": true, "description": "produced or sold information awaiting a patent", "gn_description": "produced or sold information awaiting a patent", "gn_description_en": "produced or sold information awaiting a patent", "description_en": "produced or sold information awaiting a patent", "identifier": "patentPending"}, "model": "base.restrictioncodetype", "pk": 3}, {"fields": {"is_choice": true, "description": "a name, symbol, or other device identifying a product, officially registered and legally restricted to the use of the owner or manufacturer", "gn_description": "a name, symbol, or other device identifying a product, officially registered and legally restricted to the use of the owner or manufacturer", "gn_description_en": "a name, symbol, or other device identifying a product, officially registered and legally restricted to the use of the owner or manufacturer", "description_en": "a name, symbol, or other device identifying a product, officially registered and legally restricted to the use of the owner or manufacturer", "identifier": "trademark"}, "model": "base.restrictioncodetype", "pk": 4}, {"fields": {"is_choice": true, "description": "formal permission to do something", "gn_description": "formal permission to do something", "gn_description_en": "formal permission to do something", "description_en": "formal permission to do something", "identifier": "license"}, "model": "base.restrictioncodetype", "pk": 5}, {"fields": {"is_choice": true, "description": "rights to financial benefit from and control of distribution of non-tangible property that is a result of creativity", "gn_description": "rights to financial benefit from and control of distribution of non-tangible property that is a result of creativity", "gn_description_en": "rights to financial benefit from and control of distribution of non-tangible property that is a result of creativity", "description_en": "rights to financial benefit from and control of distribution of non-tangible property that is a result of creativity", "identifier": "intellectualPropertyRights"}, "model": "base.restrictioncodetype", "pk": 6}, {"fields": {"is_choice": true, "description": "withheld from general circulation or disclosure", "gn_description": "withheld from general circulation or disclosure", "gn_description_en": "withheld from general circulation or disclosure", "description_en": "withheld from general circulation or disclosure", "identifier": "restricted"}, "model": "base.restrictioncodetype", "pk": 7}, {"fields": {"is_choice": true, "description": "otherRestrictions", "gn_description": "otherRestrictions", "gn_description_en": "otherRestrictions", "description_en": "otherRestrictions", "identifier": "limitation not listed"}, "model": "base.restrictioncodetype", "pk": 8}, {"fields": {"license_text_en": "Not applicable", "name": "Not Specified", "url": "", "description_en": "The original author did not specify a license.", "abbreviation": "", "name_en": "Not Specified", "identifier": "not_specified", "license_text": "Not applicable", "description": "The original author did not specify a license."}, "model": "base.license", "pk": 1}, {"fields": {"license_text_en": "Not applicable", "name": "Varied / Original", "url": "", "description_en": "This item is either licensed under multiple licenses.  See the item's abstract for more information or contact the distributor.", "abbreviation": "", "name_en": "Varied / Original", "identifier": "varied_original", "license_text": "Not applicable", "description": "This item is either licensed under multiple licenses.  See the item's abstract for more information or contact the distributor."}, "model": "base.license", "pk": 2}, {"fields": {"license_text_en": "Not applicable", "name": "Varied / Derived", "url": "", "description_en": "The constituent parts of this item have different licenses.  Go to each part to see license information.", "abbreviation": "", "name_en": "Varied / Derived", "identifier": "varied_derived", "license_text": "Not applicable", "description": "The constituent parts of this item have different licenses.  Go to each part to see license information."}, "model": "base.license", "pk": 3}, {"fields": {"license_text_en": "The public domain is not a place. A work of authorship is in the \u201cpublic domain\u201d if it is no longer under copyright protection or if it failed to meet the requirements for copyright protection. Works in the public domain may be used freely without the permission of the former copyright owner.", "name": "Public Domain", "url": "http://www.copyright.gov/help/faq/faq-definitions.html", "description_en": "Works in the public domain may be used freely without the permission of the former copyright owner.", "abbreviation": "PD", "name_en": "Public Domain", "identifier": "public_domain", "license_text": "The public domain is not a place. A work of authorship is in the \u201cpublic domain\u201d if it is no longer under copyright protection or if it failed to meet the requirements for copyright protection. Works in the public domain may be used freely without the permission of the former copyright owner.", "description": "Works in the public domain may be used freely without the permission of the former copyright owner."}, "model": "base.license", "pk": 4}, {"fields": {"license_text_en": "This project constitutes a work of the United States Government and is not subject to domestic copyright protection under 17 USC \u00a7 105.", "name": "Public Domain / USG", "url": "https://raw.githubusercontent.com/state-hiu/cybergis-licenses/master/licenses/PUBLICDOMAIN-LICENSE-RAW.txt", "description_en": "This project constitutes a work of the United States Government and is not subject to domestic copyright protection under 17 USC \u00a7 105.", "abbreviation": "PD/USG", "name_en": "Public Domain / USG", "identifier": "public_domain_usg", "license_text": "This project constitutes a work of the United States Government and is not subject to domestic copyright protection under 17 USC \u00a7 105.", "description": "This project constitutes a work of the United States Government and is not subject to domestic copyright protection under 17 USC \u00a7 105."}, "model": "base.license", "pk": 5}, {"fields": {"license_text_en": "", "name": "Open Data Commons Open Database License / OSM", "url": "http://www.openstreetmap.org/copyright", "description_en": "You are free to copy, distribute, transmit and adapt our data, as long as you credit OpenStreetMap and its contributors\nIf you alter or build upon our data, you may distribute the result only under the same licence.", "abbreviation": "ODbL/OSM", "name_en": "Open Data Commons Open Database License / OSM", "identifier": "odbl", "license_text": "", "description": "You are free to copy, distribute, transmit and adapt our data, as long as you credit OpenStreetMap and its contributors\nIf you alter or build upon our data, you may distribute the result only under the same licence."}, "model": "base.license", "pk": 6}, {"fields": {"license_text_en": "", "name": "NextView", "url": "https://raw.githubusercontent.com/state-hiu/cybergis-licenses/master/licenses/NEXTVIEW-LICENSE-RAW.txt", "description_en": "This data is licensed for use by the US Government (USG) under the NextView (NV) license and copyrighted by Digital Globe or GeoEye. The NV license allows the USG to share the imagery and Literal Imagery Derived Products (LIDP) with entities outside the USG when that entity is working directly with the USG, for the USG, or in a manner that is directly beneficial to the USG. The party receiving the data can only use the imagery or LIDP for the original purpose or only as otherwise agreed to by the USG. The party receiving the data cannot share the imagery or LIDP with a third party without express permission from the USG. At no time should this imagery or LIDP be used for other than USG-related purposes and must not be used for commercial gain. The copyright information should be maintained at all times. Your acceptance of these license terms is implied by your use.\nIn other words, you may only use NextView imagery linked from this site for digitizing OpenStreetMap data for humanitarian purposes.", "abbreviation": "NV", "name_en": "NextView", "identifier": "nextview", "license_text": "", "description": "This data is licensed for use by the US Government (USG) under the NextView (NV) license and copyrighted by Digital Globe or GeoEye. The NV license allows the USG to share the imagery and Literal Imagery Derived Products (LIDP) with entities outside the USG when that entity is working directly with the USG, for the USG, or in a manner that is directly beneficial to the USG. The party receiving the data can only use the imagery or LIDP for the original purpose or only as otherwise agreed to by the USG. The party receiving the data cannot share the imagery or LIDP with a third party without express permission from the USG. At no time should this imagery or LIDP be used for other than USG-related purposes and must not be used for commercial gain. The copyright information should be maintained at all times. Your acceptance of these license terms is implied by your use.\nIn other words, you may only use NextView imagery linked from this site for digitizing OpenStreetMap data for humanitarian purposes."}, "model": "base.license", "pk": 7}]