[{"fields": {"description": "Wildlife, vegetation, biological sciences, ecology, wilderness, sealife, wetlands, habitat. Environmental resources, protection and conservation. Agriculture, irrigation, aquaculture, plantations, herding, pests and diseases affecting crops and livestock.", "image": "", "limit": 100, "offset": 0, "identifier": "Nature", "icon": "fa-leaf"}, "model": "geoandino.topictaxonomy", "pk": 1}, {"fields": {"description": "Political and administrative boundaries. Land use maps, zoning maps, cadastral surveys, land ownership.", "image": "", "limit": 100, "offset": 0, "identifier": "Boundaries", "icon": "fa-flag"}, "model": "geoandino.topictaxonomy", "pk": 2}, {"fields": {"description": "Buildings, museums, churches, factories, housing, monuments, shops, towers. Energy, water and waste systems and communications infrastructure and services. Military bases, structures, activities.", "image": "", "limit": 100, "offset": 0, "identifier": "Buildings", "icon": "fa-home"}, "model": "geoandino.topictaxonomy", "pk": 3}, {"fields": {"description": "Cloud cover, weather, climate, atmospheric conditions, climate change, precipitation.", "image": "", "limit": 100, "offset": 0, "identifier": "Climate", "icon": "fa-umbrella"}, "model": "geoandino.topictaxonomy", "pk": 4}, {"fields": {"description": "Altitude, bathymetry, digital elevation models, slope, derived products.", "image": "", "limit": 100, "offset": 0, "identifier": "Elevation", "icon": "fa-level-up"}, "model": "geoandino.topictaxonomy", "pk": 5}, {"fields": {"description": "Geophysical features and processes, geology, minerals, sciences dealing with the composition, structure and origin of the earth s rocks, risks of earthquakes, volcanic activity, landslides, gravity information, soils, permafrost, hydrogeology, erosion.", "image": "", "limit": 100, "offset": 0, "identifier": "Geology", "icon": "fa-globe"}, "model": "geoandino.topictaxonomy", "pk": 6}, {"fields": {"description": "Health, health services, human ecology, and safety.", "image": "", "limit": 100, "offset": 0, "identifier": "Health", "icon": "fa-medkit"}, "model": "geoandino.topictaxonomy", "pk": 7}, {"fields": {"description": "Land cover, topographic maps, imagery, unclassified images, annotations.", "image": "", "limit": 100, "offset": 0, "identifier": "Land Cover", "icon": "fa-tree"}, "model": "geoandino.topictaxonomy", "pk": 8}, {"fields": {"description": "Addresses, geodetic networks, control points, postal zones and services, place names.", "image": "", "limit": 100, "offset": 0, "identifier": "Places", "icon": "fa-map-marker"}, "model": "geoandino.topictaxonomy", "pk": 9}, {"fields": {"description": "Settlements, anthropology, archaeology, education, traditional beliefs, demographic data, crime and justice, census information. Economic activities, conditions and employment.", "image": "", "limit": 100, "offset": 0, "identifier": "Population", "icon": "fa-male"}, "model": "geoandino.topictaxonomy", "pk": 10}, {"fields": {"description": "Roads, airports/airstrips, shipping routes, tunnels, nautical charts, vehicle or vessel location, aeronautical charts, railways.", "image": "", "limit": 100, "offset": 0, "identifier": "Transportation", "icon": "fa-road"}, "model": "geoandino.topictaxonomy", "pk": 11}, {"fields": {"description": "Rivers and glaciers, salt lakes, water utilization plans, dams, currents, floods. Water quality, hydrographic charts, tides, tidal waves, coastal information, reefs.", "image": "", "limit": 100, "offset": 0, "identifier": "Water", "icon": "fa-tint"}, "model": "geoandino.topictaxonomy", "pk": 12}, {"fields": {"topic_taxonomy": 1}, "model": "geoandino.geoandinotopiccategory", "pk": 1}, {"fields": {"topic_taxonomy": 2}, "model": "geoandino.geoandinotopiccategory", "pk": 4}, {"fields": {"topic_taxonomy": 4}, "model": "geoandino.geoandinotopiccategory", "pk": 5}, {"fields": {"topic_taxonomy": 10}, "model": "geoandino.geoandinotopiccategory", "pk": 6}, {"fields": {"topic_taxonomy": 5}, "model": "geoandino.geoandinotopiccategory", "pk": 7}, {"fields": {"topic_taxonomy": 1}, "model": "geoandino.geoandinotopiccategory", "pk": 3}, {"fields": {"topic_taxonomy": 1}, "model": "geoandino.geoandinotopiccategory", "pk": 2}, {"fields": {"topic_taxonomy": 6}, "model": "geoandino.geoandinotopiccategory", "pk": 8}, {"fields": {"topic_taxonomy": 7}, "model": "geoandino.geoandinotopiccategory", "pk": 9}, {"fields": {"topic_taxonomy": 8}, "model": "geoandino.geoandinotopiccategory", "pk": 10}, {"fields": {"topic_taxonomy": 12}, "model": "geoandino.geoandinotopiccategory", "pk": 11}, {"fields": {"topic_taxonomy": 3}, "model": "geoandino.geoandinotopiccategory", "pk": 12}, {"fields": {"topic_taxonomy": 9}, "model": "geoandino.geoandinotopiccategory", "pk": 13}, {"fields": {"topic_taxonomy": 12}, "model": "geoandino.geoandinotopiccategory", "pk": 14}, {"fields": {"topic_taxonomy": 2}, "model": "geoandino.geoandinotopiccategory", "pk": 15}, {"fields": {"topic_taxonomy": 10}, "model": "geoandino.geoandinotopiccategory", "pk": 16}, {"fields": {"topic_taxonomy": 3}, "model": "geoandino.geoandinotopiccategory", "pk": 17}, {"fields": {"topic_taxonomy": 11}, "model": "geoandino.geoandinotopiccategory", "pk": 18}, {"fields": {"topic_taxonomy": 3}, "model": "geoandino.geoandinotopiccategory", "pk": 19}, {"fields": {"facebook_google_image": "", "logo_footer": "", "logo_header": "", "twitter_title": "", "facebook_google_title": "", "layer_description": "", "document_description": "", "twitter_image": "", "twitter_description": "", "twitter_user": "", "title": "Portal de Juli", "site_url": "", "about_description": "", "about_title": "", "icon_display": true, "contact_mail": "contact@portal.com", "description": "", "twitter_url": "http://www.twitter.com/portal", "facebook_url": "http://www.facebook.com/portal", "facebook_google_description": "", "map_description": "", "group_description": "", "group_visible": false, "created": "2017-08-15T15:09:51.990", "default": true, "image_background": "", "modified": "2017-08-15T15:09:51.990", "github_url": "http://www.github.com/portal", "about_visible": false}, "model": "geoandino.siteconfiguration", "pk": 1}, {"fields": {"model": "topictaxonomy", "app_label": "geoandino"}, "model": "contenttypes.contenttype", "pk": 1}, {"fields": {"model": "geoandinotopiccategory", "app_label": "geoandino"}, "model": "contenttypes.contenttype", "pk": 2}, {"fields": {"model": "siteconfiguration", "app_label": "geoandino"}, "model": "contenttypes.contenttype", "pk": 3}, {"fields": {"model": "permission", "app_label": "auth"}, "model": "contenttypes.contenttype", "pk": 4}, {"fields": {"model": "group", "app_label": "auth"}, "model": "contenttypes.contenttype", "pk": 5}, {"fields": {"model": "contenttype", "app_label": "contenttypes"}, "model": "contenttypes.contenttype", "pk": 6}, {"fields": {"model": "session", "app_label": "sessions"}, "model": "contenttypes.contenttype", "pk": 7}, {"fields": {"model": "site", "app_label": "sites"}, "model": "contenttypes.contenttype", "pk": 8}, {"fields": {"model": "logentry", "app_label": "admin"}, "model": "contenttypes.contenttype", "pk": 9}, {"fields": {"model": "tag", "app_label": "taggit"}, "model": "contenttypes.contenttype", "pk": 10}, {"fields": {"model": "taggeditem", "app_label": "taggit"}, "model": "contenttypes.contenttype", "pk": 11}, {"fields": {"model": "taskmeta", "app_label": "djcelery"}, "model": "contenttypes.contenttype", "pk": 12}, {"fields": {"model": "tasksetmeta", "app_label": "djcelery"}, "model": "contenttypes.contenttype", "pk": 13}, {"fields": {"model": "intervalschedule", "app_label": "djcelery"}, "model": "contenttypes.contenttype", "pk": 14}, {"fields": {"model": "crontabschedule", "app_label": "djcelery"}, "model": "contenttypes.contenttype", "pk": 15}, {"fields": {"model": "periodictasks", "app_label": "djcelery"}, "model": "contenttypes.contenttype", "pk": 16}, {"fields": {"model": "periodictask", "app_label": "djcelery"}, "model": "contenttypes.contenttype", "pk": 17}, {"fields": {"model": "workerstate", "app_label": "djcelery"}, "model": "contenttypes.contenttype", "pk": 18}, {"fields": {"model": "taskstate", "app_label": "djcelery"}, "model": "contenttypes.contenttype", "pk": 19}, {"fields": {"model": "account", "app_label": "account"}, "model": "contenttypes.contenttype", "pk": 20}, {"fields": {"model": "signupcode", "app_label": "account"}, "model": "contenttypes.contenttype", "pk": 21}, {"fields": {"model": "signupcodeextended", "app_label": "account"}, "model": "contenttypes.contenttype", "pk": 22}, {"fields": {"model": "signupcoderesult", "app_label": "account"}, "model": "contenttypes.contenttype", "pk": 23}, {"fields": {"model": "emailaddress", "app_label": "account"}, "model": "contenttypes.contenttype", "pk": 24}, {"fields": {"model": "emailconfirmation", "app_label": "account"}, "model": "contenttypes.contenttype", "pk": 25}, {"fields": {"model": "accountdeletion", "app_label": "account"}, "model": "contenttypes.contenttype", "pk": 26}, {"fields": {"model": "avatar", "app_label": "avatar"}, "model": "contenttypes.contenttype", "pk": 27}, {"fields": {"model": "comment", "app_label": "dialogos"}, "model": "contenttypes.contenttype", "pk": 28}, {"fields": {"model": "overallrating", "app_label": "agon_ratings"}, "model": "contenttypes.contenttype", "pk": 29}, {"fields": {"model": "rating", "app_label": "agon_ratings"}, "model": "contenttypes.contenttype", "pk": 30}, {"fields": {"model": "announcement", "app_label": "announcements"}, "model": "contenttypes.contenttype", "pk": 31}, {"fields": {"model": "dismissal", "app_label": "announcements"}, "model": "contenttypes.contenttype", "pk": 32}, {"fields": {"model": "follow", "app_label": "actstream"}, "model": "contenttypes.contenttype", "pk": 33}, {"fields": {"model": "action", "app_label": "actstream"}, "model": "contenttypes.contenttype", "pk": 34}, {"fields": {"model": "thread", "app_label": "user_messages"}, "model": "contenttypes.contenttype", "pk": 35}, {"fields": {"model": "userthread", "app_label": "user_messages"}, "model": "contenttypes.contenttype", "pk": 36}, {"fields": {"model": "message", "app_label": "user_messages"}, "model": "contenttypes.contenttype", "pk": 37}, {"fields": {"model": "apiaccess", "app_label": "tastypie"}, "model": "contenttypes.contenttype", "pk": 38}, {"fields": {"model": "apikey", "app_label": "tastypie"}, "model": "contenttypes.contenttype", "pk": 39}, {"fields": {"model": "userobjectpermission", "app_label": "guardian"}, "model": "contenttypes.contenttype", "pk": 40}, {"fields": {"model": "groupobjectpermission", "app_label": "guardian"}, "model": "contenttypes.contenttype", "pk": 41}, {"fields": {"model": "application", "app_label": "oauth2_provider"}, "model": "contenttypes.contenttype", "pk": 42}, {"fields": {"model": "grant", "app_label": "oauth2_provider"}, "model": "contenttypes.contenttype", "pk": 43}, {"fields": {"model": "accesstoken", "app_label": "oauth2_provider"}, "model": "contenttypes.contenttype", "pk": 44}, {"fields": {"model": "refreshtoken", "app_label": "oauth2_provider"}, "model": "contenttypes.contenttype", "pk": 45}, {"fields": {"model": "profile", "app_label": "people"}, "model": "contenttypes.contenttype", "pk": 46}, {"fields": {"model": "contactrole", "app_label": "base"}, "model": "contenttypes.contenttype", "pk": 47}, {"fields": {"model": "topiccategory", "app_label": "base"}, "model": "contenttypes.contenttype", "pk": 48}, {"fields": {"model": "spatialrepresentationtype", "app_label": "base"}, "model": "contenttypes.contenttype", "pk": 49}, {"fields": {"model": "region", "app_label": "base"}, "model": "contenttypes.contenttype", "pk": 50}, {"fields": {"model": "restrictioncodetype", "app_label": "base"}, "model": "contenttypes.contenttype", "pk": 51}, {"fields": {"model": "backup", "app_label": "base"}, "model": "contenttypes.contenttype", "pk": 52}, {"fields": {"model": "license", "app_label": "base"}, "model": "contenttypes.contenttype", "pk": 53}, {"fields": {"model": "hierarchicalkeyword", "app_label": "base"}, "model": "contenttypes.contenttype", "pk": 54}, {"fields": {"model": "taggedcontentitem", "app_label": "base"}, "model": "contenttypes.contenttype", "pk": 55}, {"fields": {"model": "thesaurus", "app_label": "base"}, "model": "contenttypes.contenttype", "pk": 56}, {"fields": {"model": "thesauruskeyword", "app_label": "base"}, "model": "contenttypes.contenttype", "pk": 57}, {"fields": {"model": "thesauruskeywordlabel", "app_label": "base"}, "model": "contenttypes.contenttype", "pk": 58}, {"fields": {"model": "resourcebase", "app_label": "base"}, "model": "contenttypes.contenttype", "pk": 59}, {"fields": {"model": "link", "app_label": "base"}, "model": "contenttypes.contenttype", "pk": 60}, {"fields": {"model": "style", "app_label": "layers"}, "model": "contenttypes.contenttype", "pk": 61}, {"fields": {"model": "layer", "app_label": "layers"}, "model": "contenttypes.contenttype", "pk": 62}, {"fields": {"model": "uploadsession", "app_label": "layers"}, "model": "contenttypes.contenttype", "pk": 63}, {"fields": {"model": "layerfile", "app_label": "layers"}, "model": "contenttypes.contenttype", "pk": 64}, {"fields": {"model": "attribute", "app_label": "layers"}, "model": "contenttypes.contenttype", "pk": 65}, {"fields": {"model": "map", "app_label": "maps"}, "model": "contenttypes.contenttype", "pk": 66}, {"fields": {"model": "maplayer", "app_label": "maps"}, "model": "contenttypes.contenttype", "pk": 67}, {"fields": {"model": "mapsnapshot", "app_label": "maps"}, "model": "contenttypes.contenttype", "pk": 68}, {"fields": {"model": "document", "app_label": "documents"}, "model": "contenttypes.contenttype", "pk": 69}, {"fields": {"model": "groupprofile", "app_label": "groups"}, "model": "contenttypes.contenttype", "pk": 70}, {"fields": {"model": "groupmember", "app_label": "groups"}, "model": "contenttypes.contenttype", "pk": 71}, {"fields": {"model": "groupinvitation", "app_label": "groups"}, "model": "contenttypes.contenttype", "pk": 72}, {"fields": {"model": "service", "app_label": "services"}, "model": "contenttypes.contenttype", "pk": 73}, {"fields": {"model": "serviceprofilerole", "app_label": "services"}, "model": "contenttypes.contenttype", "pk": 74}, {"fields": {"model": "servicelayer", "app_label": "services"}, "model": "contenttypes.contenttype", "pk": 75}, {"fields": {"model": "webserviceharvestlayersjob", "app_label": "services"}, "model": "contenttypes.contenttype", "pk": 76}, {"fields": {"model": "webserviceregistrationjob", "app_label": "services"}, "model": "contenttypes.contenttype", "pk": 77}, {"fields": {"model": "upload", "app_label": "upload"}, "model": "contenttypes.contenttype", "pk": 78}, {"fields": {"model": "uploadfile", "app_label": "upload"}, "model": "contenttypes.contenttype", "pk": 79}, {"fields": {"expire_date": "2017-08-29T15:51:52.565", "session_data": "ODVjNTAwNGFhOTc2MzU3YzMxYWY0MzFkNjk3NTVjN2NhODZlOTNjNjqAAn1xAShVDGFjY2Vzc190b2tlbnECVSA5MGExN2FmNjgxZmIxMWU3OWQ4NTAyNDJhYzE1MDAwNVUPX2F1dGhfdXNlcl9oYXNocQNVKGJiYjYxNzJjMzk1YmMxODljNjkzYmQzYWUxNjU5YTFjZTYxZGI5ZTZVEl9hdXRoX3VzZXJfYmFja2VuZHEEVSlkamFuZ28uY29udHJpYi5hdXRoLmJhY2tlbmRzLk1vZGVsQmFja2VuZHEFVQ1fYXV0aF91c2VyX2lkcQZYAQAAADFVCkpTRVNTSU9OSURxB051Lg=="}, "model": "sessions.session", "pk": "8r0wzkjgu59xj0xr5gz2ng9jrhlb7vnb"}, {"fields": {"expire_date": "2017-08-30T09:23:14.336", "session_data": "OWIwMDM5MzdhZGM5MDRlYjYzNDQ5ZGIxYjI3Y2VmZGI0M2E0YzMxZTqAAn1xAShVDGFjY2Vzc190b2tlbnECVSA3MDJkOTZlMDgyOGUxMWU3OGI3YzAyNDJhYzE1MDAwNVUPX2F1dGhfdXNlcl9oYXNocQNVKGJiYjYxNzJjMzk1YmMxODljNjkzYmQzYWUxNjU5YTFjZTYxZGI5ZTZVEl9hdXRoX3VzZXJfYmFja2VuZHEEVSlkamFuZ28uY29udHJpYi5hdXRoLmJhY2tlbmRzLk1vZGVsQmFja2VuZHEFVQ1fYXV0aF91c2VyX2lkcQZYAQAAADFVCkpTRVNTSU9OSURxB051Lg=="}, "model": "sessions.session", "pk": "buonjtf6i7spfkwremfjqvx4z4rb43w2"}, {"fields": {"expire_date": "2017-08-29T14:08:33.294", "session_data": "NjA3MmI3ZDk5MDY1NTU2OWZlODBjNTM3NTViM2RiMWQ5MjA4YjJjNDqAAn1xAShVDGFjY2Vzc190b2tlbnECVSAyMWM4YWEyMjgxZWQxMWU3OTA1MjAyNDJhYzE1MDAwNVUPX2F1dGhfdXNlcl9oYXNocQNVKGJiYjYxNzJjMzk1YmMxODljNjkzYmQzYWUxNjU5YTFjZTYxZGI5ZTZVEl9hdXRoX3VzZXJfYmFja2VuZHEEVSlkamFuZ28uY29udHJpYi5hdXRoLmJhY2tlbmRzLk1vZGVsQmFja2VuZHEFVQ1fYXV0aF91c2VyX2lkcQZYAQAAADFVCkpTRVNTSU9OSURxB051Lg=="}, "model": "sessions.session", "pk": "rs2qkzp6ubf3id2nud58rxonwd2ixra5"}, {"fields": {"expire_date": "2017-08-29T15:08:57.995", "session_data": "MzdjMzAwMzEzZjM2Y2JkMDAxYzgzYmUzOWY5NjM0MTRmYWQ3N2U4MTqAAn1xAShVDGFjY2Vzc190b2tlbnECVSA5MjQ2ZmMzODgxZjUxMWU3YmQ2YTAyNDJhYzE1MDAwNVUPX2F1dGhfdXNlcl9oYXNocQNVKGJiYjYxNzJjMzk1YmMxODljNjkzYmQzYWUxNjU5YTFjZTYxZGI5ZTZVEl9hdXRoX3VzZXJfYmFja2VuZHEEVSlkamFuZ28uY29udHJpYi5hdXRoLmJhY2tlbmRzLk1vZGVsQmFja2VuZHEFVQ1fYXV0aF91c2VyX2lkcQZYAQAAADFVCkpTRVNTSU9OSURxB051Lg=="}, "model": "sessions.session", "pk": "wbzai1gt42vj331yoop8fapazx6gveow"}, {"fields": {"domain": "example.com", "name": "example.com"}, "model": "sites.site", "pk": 1}, {"fields": {"is_choice": true, "description": "flora and/or fauna in natural environment. Examples: wildlife, vegetation, biological sciences, ecology, wilderness, sealife, wetlands, habitat", "gn_description": "Biota", "gn_description_en": "Biota", "description_en": "flora and/or fauna in natural environment. Examples: wildlife, vegetation, biological sciences, ecology, wilderness, sealife, wetlands, habitat", "fa_class": "fa-leaf", "identifier": "biota"}, "model": "base.topiccategory", "pk": 1}, {"fields": {"is_choice": true, "description": "rearing of animals and/or cultivation of plants. Examples: agriculture, irrigation, aquaculture, plantations, herding, pests and diseases affecting crops and livestock", "gn_description": "Farming", "gn_description_en": "Farming", "description_en": "rearing of animals and/or cultivation of plants. Examples: agriculture, irrigation, aquaculture, plantations, herding, pests and diseases affecting crops and livestock", "fa_class": "fa-lemon-o", "identifier": "farming"}, "model": "base.topiccategory", "pk": 2}, {"fields": {"is_choice": true, "description": "environmental resources, protection and conservation. Examples: environmental pollution, waste storage and treatment, environmental impact assessment, monitoring environmental risk, nature reserves, landscape", "gn_description": "Environment", "gn_description_en": "Environment", "description_en": "environmental resources, protection and conservation. Examples: environmental pollution, waste storage and treatment, environmental impact assessment, monitoring environmental risk, nature reserves, landscape", "fa_class": "fa-tree", "identifier": "environment"}, "model": "base.topiccategory", "pk": 3}, {"fields": {"is_choice": true, "description": "legal land descriptions. Examples: political and administrative boundaries", "gn_description": "Boundaries", "gn_description_en": "Boundaries", "description_en": "legal land descriptions. Examples: political and administrative boundaries", "fa_class": "fa-ellipsis-h", "identifier": "boundaries"}, "model": "base.topiccategory", "pk": 4}, {"fields": {"is_choice": true, "description": "processes and phenomena of the atmosphere. Examples: cloud cover, weather, climate, atmospheric conditions, climate change, precipitation", "gn_description": "Climatology Meteorology Atmosphere", "gn_description_en": "Climatology Meteorology Atmosphere", "description_en": "processes and phenomena of the atmosphere. Examples: cloud cover, weather, climate, atmospheric conditions, climate change, precipitation", "fa_class": "fa-cloud", "identifier": "climatologyMeteorologyAtmosphere"}, "model": "base.topiccategory", "pk": 5}, {"fields": {"is_choice": true, "description": "economic activities, conditions and employment. Examples: production, labour, revenue, commerce, industry, tourism and ecotourism, forestry, fisheries, commercial or subsistence hunting, exploration and exploitation of resources such as minerals, oil and gas", "gn_description": "Economy", "gn_description_en": "Economy", "description_en": "economic activities, conditions and employment. Examples: production, labour, revenue, commerce, industry, tourism and ecotourism, forestry, fisheries, commercial or subsistence hunting, exploration and exploitation of resources such as minerals, oil and gas", "fa_class": "fa-shopping-cart", "identifier": "economy"}, "model": "base.topiccategory", "pk": 6}, {"fields": {"is_choice": true, "description": "height above or below sea level. Examples: altitude, bathymetry, digital elevation models, slope, derived products", "gn_description": "Elevation", "gn_description_en": "Elevation", "description_en": "height above or below sea level. Examples: altitude, bathymetry, digital elevation models, slope, derived products", "fa_class": "fa-flag", "identifier": "elevation"}, "model": "base.topiccategory", "pk": 7}, {"fields": {"is_choice": true, "description": "information pertaining to earth sciences. Examples: geophysical features and processes, geology, minerals, sciences dealing with the composition, structure and origin of the earth s rocks, risks of earthquakes, volcanic activity, landslides, gravity information, soils, permafrost, hydrogeology, erosion", "gn_description": "Geoscientific Information", "gn_description_en": "Geoscientific Information", "description_en": "information pertaining to earth sciences. Examples: geophysical features and processes, geology, minerals, sciences dealing with the composition, structure and origin of the earth s rocks, risks of earthquakes, volcanic activity, landslides, gravity information, soils, permafrost, hydrogeology, erosion", "fa_class": "fa-bullseye", "identifier": "geoscientificInformation"}, "model": "base.topiccategory", "pk": 8}, {"fields": {"is_choice": true, "description": "health, health services, human ecology, and safety. Examples: disease and illness, factors affecting health, hygiene, substance abuse, mental and physical health, health services", "gn_description": "Health", "gn_description_en": "Health", "description_en": "health, health services, human ecology, and safety. Examples: disease and illness, factors affecting health, hygiene, substance abuse, mental and physical health, health services", "fa_class": "fa-stethoscope", "identifier": "health"}, "model": "base.topiccategory", "pk": 9}, {"fields": {"is_choice": true, "description": "base maps. Examples: land cover, topographic maps, imagery, unclassified images, annotations", "gn_description": "Imagery Base Maps Earth Cover", "gn_description_en": "Imagery Base Maps Earth Cover", "description_en": "base maps. Examples: land cover, topographic maps, imagery, unclassified images, annotations", "fa_class": "fa-globe", "identifier": "imageryBaseMapsEarthCover"}, "model": "base.topiccategory", "pk": 10}, {"fields": {"is_choice": true, "description": "inland water features, drainage systems and their characteristics. Examples: rivers and glaciers, salt lakes, water utilization plans, dams, currents, floods, water quality, hydrographic charts", "gn_description": "Inland Waters", "gn_description_en": "Inland Waters", "description_en": "inland water features, drainage systems and their characteristics. Examples: rivers and glaciers, salt lakes, water utilization plans, dams, currents, floods, water quality, hydrographic charts", "fa_class": "fa-tint", "identifier": "inlandWaters"}, "model": "base.topiccategory", "pk": 11}, {"fields": {"is_choice": true, "description": "military bases, structures, activities. Examples: barracks, training grounds, military transportation, information collection", "gn_description": "Intelligence Military", "gn_description_en": "Intelligence Military", "description_en": "military bases, structures, activities. Examples: barracks, training grounds, military transportation, information collection", "fa_class": "fa-fighter-jet", "identifier": "intelligenceMilitary"}, "model": "base.topiccategory", "pk": 12}, {"fields": {"is_choice": true, "description": "positional information and services. Examples: addresses, geodetic networks, control points, postal zones and services, place names", "gn_description": "Location", "gn_description_en": "Location", "description_en": "positional information and services. Examples: addresses, geodetic networks, control points, postal zones and services, place names", "fa_class": "fa-map-marker", "identifier": "location"}, "model": "base.topiccategory", "pk": 13}, {"fields": {"is_choice": true, "description": "features and characteristics of salt water bodies (excluding inland waters). Examples: tides, tidal waves, coastal information, reefs", "gn_description": "Oceans", "gn_description_en": "Oceans", "description_en": "features and characteristics of salt water bodies (excluding inland waters). Examples: tides, tidal waves, coastal information, reefs", "fa_class": "fa-anchor", "identifier": "oceans"}, "model": "base.topiccategory", "pk": 14}, {"fields": {"is_choice": true, "description": "information used for appropriate actions for future use of the land. Examples: land use maps, zoning maps, cadastral surveys, land ownership", "gn_description": "Planning Cadastre", "gn_description_en": "Planning Cadastre", "description_en": "information used for appropriate actions for future use of the land. Examples: land use maps, zoning maps, cadastral surveys, land ownership", "fa_class": "fa-home", "identifier": "planningCadastre"}, "model": "base.topiccategory", "pk": 15}, {"fields": {"is_choice": true, "description": "characteristics of society and cultures. Examples: settlements, anthropology, archaeology, education, traditional beliefs, manners and customs, demographic data, recreational areas and activities, social impact assessments, crime and justice, census information", "gn_description": "Society", "gn_description_en": "Society", "description_en": "characteristics of society and cultures. Examples: settlements, anthropology, archaeology, education, traditional beliefs, manners and customs, demographic data, recreational areas and activities, social impact assessments, crime and justice, census information", "fa_class": "fa-comments", "identifier": "society"}, "model": "base.topiccategory", "pk": 16}, {"fields": {"is_choice": true, "description": "man-made construction. Examples: buildings, museums, churches, factories, housing, monuments, shops, towers", "gn_description": "Structure", "gn_description_en": "Structure", "description_en": "man-made construction. Examples: buildings, museums, churches, factories, housing, monuments, shops, towers", "fa_class": "fa-building", "identifier": "structure"}, "model": "base.topiccategory", "pk": 17}, {"fields": {"is_choice": true, "description": "means and aids for conveying persons and/or goods. Examples: roads, airports/airstrips, shipping routes, tunnels, nautical charts, vehicle or vessel location, aeronautical charts, railways", "gn_description": "Transportation", "gn_description_en": "Transportation", "description_en": "means and aids for conveying persons and/or goods. Examples: roads, airports/airstrips, shipping routes, tunnels, nautical charts, vehicle or vessel location, aeronautical charts, railways", "fa_class": "fa-truck", "identifier": "transportation"}, "model": "base.topiccategory", "pk": 18}, {"fields": {"is_choice": true, "description": "energy, water and waste systems and communications infrastructure and services. Examples: hydroelectricity, geothermal, solar and nuclear sources of energy, water purification and distribution, sewage collection and disposal, electricity and gas distribution, data communication, telecommunication, radio, communication networks", "gn_description": "Utilities Communication", "gn_description_en": "Utilities Communication", "description_en": "energy, water and waste systems and communications infrastructure and services. Examples: hydroelectricity, geothermal, solar and nuclear sources of energy, water purification and distribution, sewage collection and disposal, electricity and gas distribution, data communication, telecommunication, radio, communication networks", "fa_class": "fa-phone", "identifier": "utilitiesCommunication"}, "model": "base.topiccategory", "pk": 19}, {"fields": {"codename": "add_topictaxonomy", "name": "Can add topic taxonomy", "content_type": 1}, "model": "auth.permission", "pk": 1}, {"fields": {"codename": "change_topictaxonomy", "name": "Can change topic taxonomy", "content_type": 1}, "model": "auth.permission", "pk": 2}, {"fields": {"codename": "delete_topictaxonomy", "name": "Can delete topic taxonomy", "content_type": 1}, "model": "auth.permission", "pk": 3}, {"fields": {"codename": "add_geoandinotopiccategory", "name": "Can add geo andino topic category", "content_type": 2}, "model": "auth.permission", "pk": 4}, {"fields": {"codename": "change_geoandinotopiccategory", "name": "Can change geo andino topic category", "content_type": 2}, "model": "auth.permission", "pk": 5}, {"fields": {"codename": "delete_geoandinotopiccategory", "name": "Can delete geo andino topic category", "content_type": 2}, "model": "auth.permission", "pk": 6}, {"fields": {"codename": "add_siteconfiguration", "name": "Can add site configuration", "content_type": 3}, "model": "auth.permission", "pk": 7}, {"fields": {"codename": "change_siteconfiguration", "name": "Can change site configuration", "content_type": 3}, "model": "auth.permission", "pk": 8}, {"fields": {"codename": "delete_siteconfiguration", "name": "Can delete site configuration", "content_type": 3}, "model": "auth.permission", "pk": 9}, {"fields": {"codename": "add_permission", "name": "Can add permission", "content_type": 4}, "model": "auth.permission", "pk": 10}, {"fields": {"codename": "change_permission", "name": "Can change permission", "content_type": 4}, "model": "auth.permission", "pk": 11}, {"fields": {"codename": "delete_permission", "name": "Can delete permission", "content_type": 4}, "model": "auth.permission", "pk": 12}, {"fields": {"codename": "add_group", "name": "Can add group", "content_type": 5}, "model": "auth.permission", "pk": 13}, {"fields": {"codename": "change_group", "name": "Can change group", "content_type": 5}, "model": "auth.permission", "pk": 14}, {"fields": {"codename": "delete_group", "name": "Can delete group", "content_type": 5}, "model": "auth.permission", "pk": 15}, {"fields": {"codename": "add_contenttype", "name": "Can add content type", "content_type": 6}, "model": "auth.permission", "pk": 16}, {"fields": {"codename": "change_contenttype", "name": "Can change content type", "content_type": 6}, "model": "auth.permission", "pk": 17}, {"fields": {"codename": "delete_contenttype", "name": "Can delete content type", "content_type": 6}, "model": "auth.permission", "pk": 18}, {"fields": {"codename": "add_session", "name": "Can add session", "content_type": 7}, "model": "auth.permission", "pk": 19}, {"fields": {"codename": "change_session", "name": "Can change session", "content_type": 7}, "model": "auth.permission", "pk": 20}, {"fields": {"codename": "delete_session", "name": "Can delete session", "content_type": 7}, "model": "auth.permission", "pk": 21}, {"fields": {"codename": "add_site", "name": "Can add site", "content_type": 8}, "model": "auth.permission", "pk": 22}, {"fields": {"codename": "change_site", "name": "Can change site", "content_type": 8}, "model": "auth.permission", "pk": 23}, {"fields": {"codename": "delete_site", "name": "Can delete site", "content_type": 8}, "model": "auth.permission", "pk": 24}, {"fields": {"codename": "add_logentry", "name": "Can add log entry", "content_type": 9}, "model": "auth.permission", "pk": 25}, {"fields": {"codename": "change_logentry", "name": "Can change log entry", "content_type": 9}, "model": "auth.permission", "pk": 26}, {"fields": {"codename": "delete_logentry", "name": "Can delete log entry", "content_type": 9}, "model": "auth.permission", "pk": 27}, {"fields": {"codename": "add_tag", "name": "Can add Tag", "content_type": 10}, "model": "auth.permission", "pk": 28}, {"fields": {"codename": "change_tag", "name": "Can change Tag", "content_type": 10}, "model": "auth.permission", "pk": 29}, {"fields": {"codename": "delete_tag", "name": "Can delete Tag", "content_type": 10}, "model": "auth.permission", "pk": 30}, {"fields": {"codename": "add_taggeditem", "name": "Can add Tagged Item", "content_type": 11}, "model": "auth.permission", "pk": 31}, {"fields": {"codename": "change_taggeditem", "name": "Can change Tagged Item", "content_type": 11}, "model": "auth.permission", "pk": 32}, {"fields": {"codename": "delete_taggeditem", "name": "Can delete Tagged Item", "content_type": 11}, "model": "auth.permission", "pk": 33}, {"fields": {"codename": "add_taskmeta", "name": "Can add task state", "content_type": 12}, "model": "auth.permission", "pk": 34}, {"fields": {"codename": "change_taskmeta", "name": "Can change task state", "content_type": 12}, "model": "auth.permission", "pk": 35}, {"fields": {"codename": "delete_taskmeta", "name": "Can delete task state", "content_type": 12}, "model": "auth.permission", "pk": 36}, {"fields": {"codename": "add_tasksetmeta", "name": "Can add saved group result", "content_type": 13}, "model": "auth.permission", "pk": 37}, {"fields": {"codename": "change_tasksetmeta", "name": "Can change saved group result", "content_type": 13}, "model": "auth.permission", "pk": 38}, {"fields": {"codename": "delete_tasksetmeta", "name": "Can delete saved group result", "content_type": 13}, "model": "auth.permission", "pk": 39}, {"fields": {"codename": "add_intervalschedule", "name": "Can add interval", "content_type": 14}, "model": "auth.permission", "pk": 40}, {"fields": {"codename": "change_intervalschedule", "name": "Can change interval", "content_type": 14}, "model": "auth.permission", "pk": 41}, {"fields": {"codename": "delete_intervalschedule", "name": "Can delete interval", "content_type": 14}, "model": "auth.permission", "pk": 42}, {"fields": {"codename": "add_crontabschedule", "name": "Can add crontab", "content_type": 15}, "model": "auth.permission", "pk": 43}, {"fields": {"codename": "change_crontabschedule", "name": "Can change crontab", "content_type": 15}, "model": "auth.permission", "pk": 44}, {"fields": {"codename": "delete_crontabschedule", "name": "Can delete crontab", "content_type": 15}, "model": "auth.permission", "pk": 45}, {"fields": {"codename": "add_periodictasks", "name": "Can add periodic tasks", "content_type": 16}, "model": "auth.permission", "pk": 46}, {"fields": {"codename": "change_periodictasks", "name": "Can change periodic tasks", "content_type": 16}, "model": "auth.permission", "pk": 47}, {"fields": {"codename": "delete_periodictasks", "name": "Can delete periodic tasks", "content_type": 16}, "model": "auth.permission", "pk": 48}, {"fields": {"codename": "add_periodictask", "name": "Can add periodic task", "content_type": 17}, "model": "auth.permission", "pk": 49}, {"fields": {"codename": "change_periodictask", "name": "Can change periodic task", "content_type": 17}, "model": "auth.permission", "pk": 50}, {"fields": {"codename": "delete_periodictask", "name": "Can delete periodic task", "content_type": 17}, "model": "auth.permission", "pk": 51}, {"fields": {"codename": "add_workerstate", "name": "Can add worker", "content_type": 18}, "model": "auth.permission", "pk": 52}, {"fields": {"codename": "change_workerstate", "name": "Can change worker", "content_type": 18}, "model": "auth.permission", "pk": 53}, {"fields": {"codename": "delete_workerstate", "name": "Can delete worker", "content_type": 18}, "model": "auth.permission", "pk": 54}, {"fields": {"codename": "add_taskstate", "name": "Can add task", "content_type": 19}, "model": "auth.permission", "pk": 55}, {"fields": {"codename": "change_taskstate", "name": "Can change task", "content_type": 19}, "model": "auth.permission", "pk": 56}, {"fields": {"codename": "delete_taskstate", "name": "Can delete task", "content_type": 19}, "model": "auth.permission", "pk": 57}, {"fields": {"codename": "add_account", "name": "Can add account", "content_type": 20}, "model": "auth.permission", "pk": 58}, {"fields": {"codename": "change_account", "name": "Can change account", "content_type": 20}, "model": "auth.permission", "pk": 59}, {"fields": {"codename": "delete_account", "name": "Can delete account", "content_type": 20}, "model": "auth.permission", "pk": 60}, {"fields": {"codename": "add_signupcode", "name": "Can add signup code", "content_type": 21}, "model": "auth.permission", "pk": 61}, {"fields": {"codename": "change_signupcode", "name": "Can change signup code", "content_type": 21}, "model": "auth.permission", "pk": 62}, {"fields": {"codename": "delete_signupcode", "name": "Can delete signup code", "content_type": 21}, "model": "auth.permission", "pk": 63}, {"fields": {"codename": "add_signupcodeextended", "name": "Can add signup code extended", "content_type": 22}, "model": "auth.permission", "pk": 64}, {"fields": {"codename": "change_signupcodeextended", "name": "Can change signup code extended", "content_type": 22}, "model": "auth.permission", "pk": 65}, {"fields": {"codename": "delete_signupcodeextended", "name": "Can delete signup code extended", "content_type": 22}, "model": "auth.permission", "pk": 66}, {"fields": {"codename": "add_signupcoderesult", "name": "Can add signup code result", "content_type": 23}, "model": "auth.permission", "pk": 67}, {"fields": {"codename": "change_signupcoderesult", "name": "Can change signup code result", "content_type": 23}, "model": "auth.permission", "pk": 68}, {"fields": {"codename": "delete_signupcoderesult", "name": "Can delete signup code result", "content_type": 23}, "model": "auth.permission", "pk": 69}, {"fields": {"codename": "add_emailaddress", "name": "Can add email address", "content_type": 24}, "model": "auth.permission", "pk": 70}, {"fields": {"codename": "change_emailaddress", "name": "Can change email address", "content_type": 24}, "model": "auth.permission", "pk": 71}, {"fields": {"codename": "delete_emailaddress", "name": "Can delete email address", "content_type": 24}, "model": "auth.permission", "pk": 72}, {"fields": {"codename": "add_emailconfirmation", "name": "Can add email confirmation", "content_type": 25}, "model": "auth.permission", "pk": 73}, {"fields": {"codename": "change_emailconfirmation", "name": "Can change email confirmation", "content_type": 25}, "model": "auth.permission", "pk": 74}, {"fields": {"codename": "delete_emailconfirmation", "name": "Can delete email confirmation", "content_type": 25}, "model": "auth.permission", "pk": 75}, {"fields": {"codename": "add_accountdeletion", "name": "Can add account deletion", "content_type": 26}, "model": "auth.permission", "pk": 76}, {"fields": {"codename": "change_accountdeletion", "name": "Can change account deletion", "content_type": 26}, "model": "auth.permission", "pk": 77}, {"fields": {"codename": "delete_accountdeletion", "name": "Can delete account deletion", "content_type": 26}, "model": "auth.permission", "pk": 78}, {"fields": {"codename": "add_avatar", "name": "Can add avatar", "content_type": 27}, "model": "auth.permission", "pk": 79}, {"fields": {"codename": "change_avatar", "name": "Can change avatar", "content_type": 27}, "model": "auth.permission", "pk": 80}, {"fields": {"codename": "delete_avatar", "name": "Can delete avatar", "content_type": 27}, "model": "auth.permission", "pk": 81}, {"fields": {"codename": "add_comment", "name": "Can add comment", "content_type": 28}, "model": "auth.permission", "pk": 82}, {"fields": {"codename": "change_comment", "name": "Can change comment", "content_type": 28}, "model": "auth.permission", "pk": 83}, {"fields": {"codename": "delete_comment", "name": "Can delete comment", "content_type": 28}, "model": "auth.permission", "pk": 84}, {"fields": {"codename": "add_overallrating", "name": "Can add overall rating", "content_type": 29}, "model": "auth.permission", "pk": 85}, {"fields": {"codename": "change_overallrating", "name": "Can change overall rating", "content_type": 29}, "model": "auth.permission", "pk": 86}, {"fields": {"codename": "delete_overallrating", "name": "Can delete overall rating", "content_type": 29}, "model": "auth.permission", "pk": 87}, {"fields": {"codename": "add_rating", "name": "Can add rating", "content_type": 30}, "model": "auth.permission", "pk": 88}, {"fields": {"codename": "change_rating", "name": "Can change rating", "content_type": 30}, "model": "auth.permission", "pk": 89}, {"fields": {"codename": "delete_rating", "name": "Can delete rating", "content_type": 30}, "model": "auth.permission", "pk": 90}, {"fields": {"codename": "add_announcement", "name": "Can add announcement", "content_type": 31}, "model": "auth.permission", "pk": 91}, {"fields": {"codename": "change_announcement", "name": "Can change announcement", "content_type": 31}, "model": "auth.permission", "pk": 92}, {"fields": {"codename": "delete_announcement", "name": "Can delete announcement", "content_type": 31}, "model": "auth.permission", "pk": 93}, {"fields": {"codename": "add_dismissal", "name": "Can add dismissal", "content_type": 32}, "model": "auth.permission", "pk": 94}, {"fields": {"codename": "change_dismissal", "name": "Can change dismissal", "content_type": 32}, "model": "auth.permission", "pk": 95}, {"fields": {"codename": "delete_dismissal", "name": "Can delete dismissal", "content_type": 32}, "model": "auth.permission", "pk": 96}, {"fields": {"codename": "add_follow", "name": "Can add follow", "content_type": 33}, "model": "auth.permission", "pk": 97}, {"fields": {"codename": "change_follow", "name": "Can change follow", "content_type": 33}, "model": "auth.permission", "pk": 98}, {"fields": {"codename": "delete_follow", "name": "Can delete follow", "content_type": 33}, "model": "auth.permission", "pk": 99}, {"fields": {"codename": "add_action", "name": "Can add action", "content_type": 34}, "model": "auth.permission", "pk": 100}, {"fields": {"codename": "change_action", "name": "Can change action", "content_type": 34}, "model": "auth.permission", "pk": 101}, {"fields": {"codename": "delete_action", "name": "Can delete action", "content_type": 34}, "model": "auth.permission", "pk": 102}, {"fields": {"codename": "add_thread", "name": "Can add thread", "content_type": 35}, "model": "auth.permission", "pk": 103}, {"fields": {"codename": "change_thread", "name": "Can change thread", "content_type": 35}, "model": "auth.permission", "pk": 104}, {"fields": {"codename": "delete_thread", "name": "Can delete thread", "content_type": 35}, "model": "auth.permission", "pk": 105}, {"fields": {"codename": "add_userthread", "name": "Can add user thread", "content_type": 36}, "model": "auth.permission", "pk": 106}, {"fields": {"codename": "change_userthread", "name": "Can change user thread", "content_type": 36}, "model": "auth.permission", "pk": 107}, {"fields": {"codename": "delete_userthread", "name": "Can delete user thread", "content_type": 36}, "model": "auth.permission", "pk": 108}, {"fields": {"codename": "add_message", "name": "Can add message", "content_type": 37}, "model": "auth.permission", "pk": 109}, {"fields": {"codename": "change_message", "name": "Can change message", "content_type": 37}, "model": "auth.permission", "pk": 110}, {"fields": {"codename": "delete_message", "name": "Can delete message", "content_type": 37}, "model": "auth.permission", "pk": 111}, {"fields": {"codename": "add_apiaccess", "name": "Can add api access", "content_type": 38}, "model": "auth.permission", "pk": 112}, {"fields": {"codename": "change_apiaccess", "name": "Can change api access", "content_type": 38}, "model": "auth.permission", "pk": 113}, {"fields": {"codename": "delete_apiaccess", "name": "Can delete api access", "content_type": 38}, "model": "auth.permission", "pk": 114}, {"fields": {"codename": "add_apikey", "name": "Can add api key", "content_type": 39}, "model": "auth.permission", "pk": 115}, {"fields": {"codename": "change_apikey", "name": "Can change api key", "content_type": 39}, "model": "auth.permission", "pk": 116}, {"fields": {"codename": "delete_apikey", "name": "Can delete api key", "content_type": 39}, "model": "auth.permission", "pk": 117}, {"fields": {"codename": "add_userobjectpermission", "name": "Can add user object permission", "content_type": 40}, "model": "auth.permission", "pk": 118}, {"fields": {"codename": "change_userobjectpermission", "name": "Can change user object permission", "content_type": 40}, "model": "auth.permission", "pk": 119}, {"fields": {"codename": "delete_userobjectpermission", "name": "Can delete user object permission", "content_type": 40}, "model": "auth.permission", "pk": 120}, {"fields": {"codename": "add_groupobjectpermission", "name": "Can add group object permission", "content_type": 41}, "model": "auth.permission", "pk": 121}, {"fields": {"codename": "change_groupobjectpermission", "name": "Can change group object permission", "content_type": 41}, "model": "auth.permission", "pk": 122}, {"fields": {"codename": "delete_groupobjectpermission", "name": "Can delete group object permission", "content_type": 41}, "model": "auth.permission", "pk": 123}, {"fields": {"codename": "add_application", "name": "Can add application", "content_type": 42}, "model": "auth.permission", "pk": 124}, {"fields": {"codename": "change_application", "name": "Can change application", "content_type": 42}, "model": "auth.permission", "pk": 125}, {"fields": {"codename": "delete_application", "name": "Can delete application", "content_type": 42}, "model": "auth.permission", "pk": 126}, {"fields": {"codename": "add_grant", "name": "Can add grant", "content_type": 43}, "model": "auth.permission", "pk": 127}, {"fields": {"codename": "change_grant", "name": "Can change grant", "content_type": 43}, "model": "auth.permission", "pk": 128}, {"fields": {"codename": "delete_grant", "name": "Can delete grant", "content_type": 43}, "model": "auth.permission", "pk": 129}, {"fields": {"codename": "add_accesstoken", "name": "Can add access token", "content_type": 44}, "model": "auth.permission", "pk": 130}, {"fields": {"codename": "change_accesstoken", "name": "Can change access token", "content_type": 44}, "model": "auth.permission", "pk": 131}, {"fields": {"codename": "delete_accesstoken", "name": "Can delete access token", "content_type": 44}, "model": "auth.permission", "pk": 132}, {"fields": {"codename": "add_refreshtoken", "name": "Can add refresh token", "content_type": 45}, "model": "auth.permission", "pk": 133}, {"fields": {"codename": "change_refreshtoken", "name": "Can change refresh token", "content_type": 45}, "model": "auth.permission", "pk": 134}, {"fields": {"codename": "delete_refreshtoken", "name": "Can delete refresh token", "content_type": 45}, "model": "auth.permission", "pk": 135}, {"fields": {"codename": "add_profile", "name": "Can add user", "content_type": 46}, "model": "auth.permission", "pk": 136}, {"fields": {"codename": "change_profile", "name": "Can change user", "content_type": 46}, "model": "auth.permission", "pk": 137}, {"fields": {"codename": "delete_profile", "name": "Can delete user", "content_type": 46}, "model": "auth.permission", "pk": 138}, {"fields": {"codename": "add_contactrole", "name": "Can add contact role", "content_type": 47}, "model": "auth.permission", "pk": 139}, {"fields": {"codename": "change_contactrole", "name": "Can change contact role", "content_type": 47}, "model": "auth.permission", "pk": 140}, {"fields": {"codename": "delete_contactrole", "name": "Can delete contact role", "content_type": 47}, "model": "auth.permission", "pk": 141}, {"fields": {"codename": "add_topiccategory", "name": "Can add topic category", "content_type": 48}, "model": "auth.permission", "pk": 142}, {"fields": {"codename": "change_topiccategory", "name": "Can change topic category", "content_type": 48}, "model": "auth.permission", "pk": 143}, {"fields": {"codename": "delete_topiccategory", "name": "Can delete topic category", "content_type": 48}, "model": "auth.permission", "pk": 144}, {"fields": {"codename": "add_spatialrepresentationtype", "name": "Can add spatial representation type", "content_type": 49}, "model": "auth.permission", "pk": 145}, {"fields": {"codename": "change_spatialrepresentationtype", "name": "Can change spatial representation type", "content_type": 49}, "model": "auth.permission", "pk": 146}, {"fields": {"codename": "delete_spatialrepresentationtype", "name": "Can delete spatial representation type", "content_type": 49}, "model": "auth.permission", "pk": 147}, {"fields": {"codename": "add_region", "name": "Can add region", "content_type": 50}, "model": "auth.permission", "pk": 148}, {"fields": {"codename": "change_region", "name": "Can change region", "content_type": 50}, "model": "auth.permission", "pk": 149}, {"fields": {"codename": "delete_region", "name": "Can delete region", "content_type": 50}, "model": "auth.permission", "pk": 150}, {"fields": {"codename": "add_restrictioncodetype", "name": "Can add restriction code type", "content_type": 51}, "model": "auth.permission", "pk": 151}, {"fields": {"codename": "change_restrictioncodetype", "name": "Can change restriction code type", "content_type": 51}, "model": "auth.permission", "pk": 152}, {"fields": {"codename": "delete_restrictioncodetype", "name": "Can delete restriction code type", "content_type": 51}, "model": "auth.permission", "pk": 153}, {"fields": {"codename": "add_backup", "name": "Can add backup", "content_type": 52}, "model": "auth.permission", "pk": 154}, {"fields": {"codename": "change_backup", "name": "Can change backup", "content_type": 52}, "model": "auth.permission", "pk": 155}, {"fields": {"codename": "delete_backup", "name": "Can delete backup", "content_type": 52}, "model": "auth.permission", "pk": 156}, {"fields": {"codename": "add_license", "name": "Can add license", "content_type": 53}, "model": "auth.permission", "pk": 157}, {"fields": {"codename": "change_license", "name": "Can change license", "content_type": 53}, "model": "auth.permission", "pk": 158}, {"fields": {"codename": "delete_license", "name": "Can delete license", "content_type": 53}, "model": "auth.permission", "pk": 159}, {"fields": {"codename": "add_hierarchicalkeyword", "name": "Can add hierarchical keyword", "content_type": 54}, "model": "auth.permission", "pk": 160}, {"fields": {"codename": "change_hierarchicalkeyword", "name": "Can change hierarchical keyword", "content_type": 54}, "model": "auth.permission", "pk": 161}, {"fields": {"codename": "delete_hierarchicalkeyword", "name": "Can delete hierarchical keyword", "content_type": 54}, "model": "auth.permission", "pk": 162}, {"fields": {"codename": "add_taggedcontentitem", "name": "Can add tagged content item", "content_type": 55}, "model": "auth.permission", "pk": 163}, {"fields": {"codename": "change_taggedcontentitem", "name": "Can change tagged content item", "content_type": 55}, "model": "auth.permission", "pk": 164}, {"fields": {"codename": "delete_taggedcontentitem", "name": "Can delete tagged content item", "content_type": 55}, "model": "auth.permission", "pk": 165}, {"fields": {"codename": "add_thesaurus", "name": "Can add thesaurus", "content_type": 56}, "model": "auth.permission", "pk": 166}, {"fields": {"codename": "change_thesaurus", "name": "Can change thesaurus", "content_type": 56}, "model": "auth.permission", "pk": 167}, {"fields": {"codename": "delete_thesaurus", "name": "Can delete thesaurus", "content_type": 56}, "model": "auth.permission", "pk": 168}, {"fields": {"codename": "add_thesauruskeyword", "name": "Can add thesaurus keyword", "content_type": 57}, "model": "auth.permission", "pk": 169}, {"fields": {"codename": "change_thesauruskeyword", "name": "Can change thesaurus keyword", "content_type": 57}, "model": "auth.permission", "pk": 170}, {"fields": {"codename": "delete_thesauruskeyword", "name": "Can delete thesaurus keyword", "content_type": 57}, "model": "auth.permission", "pk": 171}, {"fields": {"codename": "add_thesauruskeywordlabel", "name": "Can add thesaurus keyword label", "content_type": 58}, "model": "auth.permission", "pk": 172}, {"fields": {"codename": "change_thesauruskeywordlabel", "name": "Can change thesaurus keyword label", "content_type": 58}, "model": "auth.permission", "pk": 173}, {"fields": {"codename": "delete_thesauruskeywordlabel", "name": "Can delete thesaurus keyword label", "content_type": 58}, "model": "auth.permission", "pk": 174}, {"fields": {"codename": "add_resourcebase", "name": "Can add resource base", "content_type": 59}, "model": "auth.permission", "pk": 175}, {"fields": {"codename": "change_resourcebase", "name": "Can change resource base", "content_type": 59}, "model": "auth.permission", "pk": 176}, {"fields": {"codename": "delete_resourcebase", "name": "Can delete resource base", "content_type": 59}, "model": "auth.permission", "pk": 177}, {"fields": {"codename": "view_resourcebase", "name": "Can view resource", "content_type": 59}, "model": "auth.permission", "pk": 178}, {"fields": {"codename": "change_resourcebase_permissions", "name": "Can change resource permissions", "content_type": 59}, "model": "auth.permission", "pk": 179}, {"fields": {"codename": "download_resourcebase", "name": "Can download resource", "content_type": 59}, "model": "auth.permission", "pk": 180}, {"fields": {"codename": "publish_resourcebase", "name": "Can publish resource", "content_type": 59}, "model": "auth.permission", "pk": 181}, {"fields": {"codename": "change_resourcebase_metadata", "name": "Can change resource metadata", "content_type": 59}, "model": "auth.permission", "pk": 182}, {"fields": {"codename": "add_link", "name": "Can add link", "content_type": 60}, "model": "auth.permission", "pk": 183}, {"fields": {"codename": "change_link", "name": "Can change link", "content_type": 60}, "model": "auth.permission", "pk": 184}, {"fields": {"codename": "delete_link", "name": "Can delete link", "content_type": 60}, "model": "auth.permission", "pk": 185}, {"fields": {"codename": "add_style", "name": "Can add style", "content_type": 61}, "model": "auth.permission", "pk": 186}, {"fields": {"codename": "change_style", "name": "Can change style", "content_type": 61}, "model": "auth.permission", "pk": 187}, {"fields": {"codename": "delete_style", "name": "Can delete style", "content_type": 61}, "model": "auth.permission", "pk": 188}, {"fields": {"codename": "add_layer", "name": "Can add layer", "content_type": 62}, "model": "auth.permission", "pk": 189}, {"fields": {"codename": "change_layer", "name": "Can change layer", "content_type": 62}, "model": "auth.permission", "pk": 190}, {"fields": {"codename": "delete_layer", "name": "Can delete layer", "content_type": 62}, "model": "auth.permission", "pk": 191}, {"fields": {"codename": "change_layer_data", "name": "Can edit layer data", "content_type": 62}, "model": "auth.permission", "pk": 192}, {"fields": {"codename": "change_layer_style", "name": "Can change layer style", "content_type": 62}, "model": "auth.permission", "pk": 193}, {"fields": {"codename": "add_uploadsession", "name": "Can add upload session", "content_type": 63}, "model": "auth.permission", "pk": 194}, {"fields": {"codename": "change_uploadsession", "name": "Can change upload session", "content_type": 63}, "model": "auth.permission", "pk": 195}, {"fields": {"codename": "delete_uploadsession", "name": "Can delete upload session", "content_type": 63}, "model": "auth.permission", "pk": 196}, {"fields": {"codename": "add_layerfile", "name": "Can add layer file", "content_type": 64}, "model": "auth.permission", "pk": 197}, {"fields": {"codename": "change_layerfile", "name": "Can change layer file", "content_type": 64}, "model": "auth.permission", "pk": 198}, {"fields": {"codename": "delete_layerfile", "name": "Can delete layer file", "content_type": 64}, "model": "auth.permission", "pk": 199}, {"fields": {"codename": "add_attribute", "name": "Can add attribute", "content_type": 65}, "model": "auth.permission", "pk": 200}, {"fields": {"codename": "change_attribute", "name": "Can change attribute", "content_type": 65}, "model": "auth.permission", "pk": 201}, {"fields": {"codename": "delete_attribute", "name": "Can delete attribute", "content_type": 65}, "model": "auth.permission", "pk": 202}, {"fields": {"codename": "add_map", "name": "Can add map", "content_type": 66}, "model": "auth.permission", "pk": 203}, {"fields": {"codename": "change_map", "name": "Can change map", "content_type": 66}, "model": "auth.permission", "pk": 204}, {"fields": {"codename": "delete_map", "name": "Can delete map", "content_type": 66}, "model": "auth.permission", "pk": 205}, {"fields": {"codename": "add_maplayer", "name": "Can add map layer", "content_type": 67}, "model": "auth.permission", "pk": 206}, {"fields": {"codename": "change_maplayer", "name": "Can change map layer", "content_type": 67}, "model": "auth.permission", "pk": 207}, {"fields": {"codename": "delete_maplayer", "name": "Can delete map layer", "content_type": 67}, "model": "auth.permission", "pk": 208}, {"fields": {"codename": "add_mapsnapshot", "name": "Can add map snapshot", "content_type": 68}, "model": "auth.permission", "pk": 209}, {"fields": {"codename": "change_mapsnapshot", "name": "Can change map snapshot", "content_type": 68}, "model": "auth.permission", "pk": 210}, {"fields": {"codename": "delete_mapsnapshot", "name": "Can delete map snapshot", "content_type": 68}, "model": "auth.permission", "pk": 211}, {"fields": {"codename": "add_document", "name": "Can add document", "content_type": 69}, "model": "auth.permission", "pk": 212}, {"fields": {"codename": "change_document", "name": "Can change document", "content_type": 69}, "model": "auth.permission", "pk": 213}, {"fields": {"codename": "delete_document", "name": "Can delete document", "content_type": 69}, "model": "auth.permission", "pk": 214}, {"fields": {"codename": "add_groupprofile", "name": "Can add group profile", "content_type": 70}, "model": "auth.permission", "pk": 215}, {"fields": {"codename": "change_groupprofile", "name": "Can change group profile", "content_type": 70}, "model": "auth.permission", "pk": 216}, {"fields": {"codename": "delete_groupprofile", "name": "Can delete group profile", "content_type": 70}, "model": "auth.permission", "pk": 217}, {"fields": {"codename": "add_groupmember", "name": "Can add group member", "content_type": 71}, "model": "auth.permission", "pk": 218}, {"fields": {"codename": "change_groupmember", "name": "Can change group member", "content_type": 71}, "model": "auth.permission", "pk": 219}, {"fields": {"codename": "delete_groupmember", "name": "Can delete group member", "content_type": 71}, "model": "auth.permission", "pk": 220}, {"fields": {"codename": "add_groupinvitation", "name": "Can add group invitation", "content_type": 72}, "model": "auth.permission", "pk": 221}, {"fields": {"codename": "change_groupinvitation", "name": "Can change group invitation", "content_type": 72}, "model": "auth.permission", "pk": 222}, {"fields": {"codename": "delete_groupinvitation", "name": "Can delete group invitation", "content_type": 72}, "model": "auth.permission", "pk": 223}, {"fields": {"codename": "add_service", "name": "Can add service", "content_type": 73}, "model": "auth.permission", "pk": 224}, {"fields": {"codename": "change_service", "name": "Can change service", "content_type": 73}, "model": "auth.permission", "pk": 225}, {"fields": {"codename": "delete_service", "name": "Can delete service", "content_type": 73}, "model": "auth.permission", "pk": 226}, {"fields": {"codename": "add_serviceprofilerole", "name": "Can add service profile role", "content_type": 74}, "model": "auth.permission", "pk": 227}, {"fields": {"codename": "change_serviceprofilerole", "name": "Can change service profile role", "content_type": 74}, "model": "auth.permission", "pk": 228}, {"fields": {"codename": "delete_serviceprofilerole", "name": "Can delete service profile role", "content_type": 74}, "model": "auth.permission", "pk": 229}, {"fields": {"codename": "add_servicelayer", "name": "Can add service layer", "content_type": 75}, "model": "auth.permission", "pk": 230}, {"fields": {"codename": "change_servicelayer", "name": "Can change service layer", "content_type": 75}, "model": "auth.permission", "pk": 231}, {"fields": {"codename": "delete_servicelayer", "name": "Can delete service layer", "content_type": 75}, "model": "auth.permission", "pk": 232}, {"fields": {"codename": "add_webserviceharvestlayersjob", "name": "Can add web service harvest layers job", "content_type": 76}, "model": "auth.permission", "pk": 233}, {"fields": {"codename": "change_webserviceharvestlayersjob", "name": "Can change web service harvest layers job", "content_type": 76}, "model": "auth.permission", "pk": 234}, {"fields": {"codename": "delete_webserviceharvestlayersjob", "name": "Can delete web service harvest layers job", "content_type": 76}, "model": "auth.permission", "pk": 235}, {"fields": {"codename": "add_webserviceregistrationjob", "name": "Can add web service registration job", "content_type": 77}, "model": "auth.permission", "pk": 236}, {"fields": {"codename": "change_webserviceregistrationjob", "name": "Can change web service registration job", "content_type": 77}, "model": "auth.permission", "pk": 237}, {"fields": {"codename": "delete_webserviceregistrationjob", "name": "Can delete web service registration job", "content_type": 77}, "model": "auth.permission", "pk": 238}, {"fields": {"codename": "add_upload", "name": "Can add upload", "content_type": 78}, "model": "auth.permission", "pk": 239}, {"fields": {"codename": "change_upload", "name": "Can change upload", "content_type": 78}, "model": "auth.permission", "pk": 240}, {"fields": {"codename": "delete_upload", "name": "Can delete upload", "content_type": 78}, "model": "auth.permission", "pk": 241}, {"fields": {"codename": "add_uploadfile", "name": "Can add upload file", "content_type": 79}, "model": "auth.permission", "pk": 242}, {"fields": {"codename": "change_uploadfile", "name": "Can change upload file", "content_type": 79}, "model": "auth.permission", "pk": 243}, {"fields": {"codename": "delete_uploadfile", "name": "Can delete upload file", "content_type": 79}, "model": "auth.permission", "pk": 244}, {"fields": {"name": "anonymous", "permissions": []}, "model": "auth.group", "pk": 1}, {"fields": {"profile": null, "last_name": "", "is_staff": false, "user_permissions": [], "date_joined": "2017-08-15T14:08:21.479", "city": null, "first_name": "", "area": null, "zipcode": null, "is_superuser": false, "last_login": null, "email": "", "username": "AnonymousUser", "fax": null, "is_active": true, "delivery": null, "groups": [1], "organization": null, "password": "", "country": null, "position": null, "voice": null}, "model": "people.profile", "pk": -1}, {"fields": {"profile": null, "last_name": "", "is_staff": true, "user_permissions": [], "date_joined": "2017-08-15T14:08:27.462", "city": null, "first_name": "", "area": null, "zipcode": null, "is_superuser": true, "last_login": "2017-08-16T09:23:13.678", "email": "", "username": "admin", "fax": null, "is_active": true, "delivery": null, "groups": [1], "organization": null, "password": "pbkdf2_sha256$20000$V8K86vg9RjkG$QCMev1yuqV4091B8+mLCrimpdAP/1BGb29hmddzjBCQ=", "country": null, "position": null, "voice": null}, "model": "people.profile", "pk": 1}, {"fields": {"timezone": "", "user": -1, "language": "es"}, "model": "account.account", "pk": 1}, {"fields": {"timezone": "", "user": 1, "language": "es"}, "model": "account.account", "pk": 2}, {"fields": {"action_flag": 1, "action_time": "2017-08-15T15:02:57.371", "object_repr": "Biota", "object_id": "1", "change_message": "", "user": 1, "content_type": 2}, "model": "admin.logentry", "pk": 1}, {"fields": {"action_flag": 1, "action_time": "2017-08-15T15:03:42.146", "object_repr": "Farming", "object_id": "2", "change_message": "", "user": 1, "content_type": 2}, "model": "admin.logentry", "pk": 2}, {"fields": {"action_flag": 1, "action_time": "2017-08-15T15:04:38.027", "object_repr": "Environment", "object_id": "3", "change_message": "", "user": 1, "content_type": 2}, "model": "admin.logentry", "pk": 3}, {"fields": {"action_flag": 1, "action_time": "2017-08-15T15:05:09.217", "object_repr": "TopicTaxonomy object", "object_id": "1", "change_message": "", "user": 1, "content_type": 1}, "model": "admin.logentry", "pk": 4}, {"fields": {"action_flag": 1, "action_time": "2017-08-15T15:09:51.991", "object_repr": "SiteConfiguration object", "object_id": "1", "change_message": "", "user": 1, "content_type": 3}, "model": "admin.logentry", "pk": 5}, {"fields": {"action_flag": 1, "action_time": "2017-08-15T15:53:14.254", "object_repr": "Boundaries", "object_id": "4", "change_message": "", "user": 1, "content_type": 2}, "model": "admin.logentry", "pk": 6}, {"fields": {"action_flag": 1, "action_time": "2017-08-15T15:53:44.527", "object_repr": "Climatology Meteorology Atmosphere", "object_id": "5", "change_message": "", "user": 1, "content_type": 2}, "model": "admin.logentry", "pk": 7}, {"fields": {"action_flag": 1, "action_time": "2017-08-15T15:54:27.806", "object_repr": "Economy", "object_id": "6", "change_message": "", "user": 1, "content_type": 2}, "model": "admin.logentry", "pk": 8}, {"fields": {"action_flag": 1, "action_time": "2017-08-15T15:56:20.591", "object_repr": "Elevation", "object_id": "7", "change_message": "", "user": 1, "content_type": 2}, "model": "admin.logentry", "pk": 9}, {"fields": {"action_flag": 1, "action_time": "2017-08-15T15:56:44.107", "object_repr": "Geoscientific Information", "object_id": "8", "change_message": "", "user": 1, "content_type": 2}, "model": "admin.logentry", "pk": 10}, {"fields": {"action_flag": 1, "action_time": "2017-08-15T15:57:05.271", "object_repr": "Health", "object_id": "9", "change_message": "", "user": 1, "content_type": 2}, "model": "admin.logentry", "pk": 11}, {"fields": {"action_flag": 1, "action_time": "2017-08-15T15:57:36.873", "object_repr": "Imagery Base Maps Earth Cover", "object_id": "10", "change_message": "", "user": 1, "content_type": 2}, "model": "admin.logentry", "pk": 12}, {"fields": {"action_flag": 1, "action_time": "2017-08-15T15:57:58.647", "object_repr": "Inland Waters", "object_id": "11", "change_message": "", "user": 1, "content_type": 2}, "model": "admin.logentry", "pk": 13}, {"fields": {"action_flag": 1, "action_time": "2017-08-15T15:58:27.630", "object_repr": "Intelligence Military", "object_id": "12", "change_message": "", "user": 1, "content_type": 2}, "model": "admin.logentry", "pk": 14}, {"fields": {"action_flag": 1, "action_time": "2017-08-15T15:58:52.169", "object_repr": "Location", "object_id": "13", "change_message": "", "user": 1, "content_type": 2}, "model": "admin.logentry", "pk": 15}, {"fields": {"action_flag": 1, "action_time": "2017-08-15T15:59:13.817", "object_repr": "Oceans", "object_id": "14", "change_message": "", "user": 1, "content_type": 2}, "model": "admin.logentry", "pk": 16}, {"fields": {"action_flag": 1, "action_time": "2017-08-15T15:59:37.528", "object_repr": "Planning Cadastre", "object_id": "15", "change_message": "", "user": 1, "content_type": 2}, "model": "admin.logentry", "pk": 17}, {"fields": {"action_flag": 1, "action_time": "2017-08-15T15:59:59.775", "object_repr": "Society", "object_id": "16", "change_message": "", "user": 1, "content_type": 2}, "model": "admin.logentry", "pk": 18}, {"fields": {"action_flag": 1, "action_time": "2017-08-15T16:00:23.712", "object_repr": "Structure", "object_id": "17", "change_message": "", "user": 1, "content_type": 2}, "model": "admin.logentry", "pk": 19}, {"fields": {"action_flag": 1, "action_time": "2017-08-15T16:00:48.209", "object_repr": "Transportation", "object_id": "18", "change_message": "", "user": 1, "content_type": 2}, "model": "admin.logentry", "pk": 20}, {"fields": {"action_flag": 1, "action_time": "2017-08-15T16:01:14.010", "object_repr": "Utilities Communication", "object_id": "19", "change_message": "", "user": 1, "content_type": 2}, "model": "admin.logentry", "pk": 21}, {"fields": {"action_flag": 2, "action_time": "2017-08-15T16:01:54.030", "object_repr": "TopicTaxonomy object", "object_id": "1", "change_message": "Modificado/a description.", "user": 1, "content_type": 1}, "model": "admin.logentry", "pk": 22}, {"fields": {"action_flag": 1, "action_time": "2017-08-15T16:02:27.298", "object_repr": "TopicTaxonomy object", "object_id": "2", "change_message": "", "user": 1, "content_type": 1}, "model": "admin.logentry", "pk": 23}, {"fields": {"action_flag": 2, "action_time": "2017-08-15T16:03:26.725", "object_repr": "TopicTaxonomy object", "object_id": "2", "change_message": "Modificado/a identifier.", "user": 1, "content_type": 1}, "model": "admin.logentry", "pk": 24}, {"fields": {"action_flag": 1, "action_time": "2017-08-15T16:04:10.291", "object_repr": "TopicTaxonomy object", "object_id": "3", "change_message": "", "user": 1, "content_type": 1}, "model": "admin.logentry", "pk": 25}, {"fields": {"action_flag": 1, "action_time": "2017-08-15T16:04:37.473", "object_repr": "TopicTaxonomy object", "object_id": "4", "change_message": "", "user": 1, "content_type": 1}, "model": "admin.logentry", "pk": 26}, {"fields": {"action_flag": 1, "action_time": "2017-08-15T16:04:59.172", "object_repr": "TopicTaxonomy object", "object_id": "5", "change_message": "", "user": 1, "content_type": 1}, "model": "admin.logentry", "pk": 27}, {"fields": {"action_flag": 1, "action_time": "2017-08-15T16:05:27.380", "object_repr": "TopicTaxonomy object", "object_id": "6", "change_message": "", "user": 1, "content_type": 1}, "model": "admin.logentry", "pk": 28}, {"fields": {"action_flag": 1, "action_time": "2017-08-15T16:06:05.481", "object_repr": "TopicTaxonomy object", "object_id": "7", "change_message": "", "user": 1, "content_type": 1}, "model": "admin.logentry", "pk": 29}, {"fields": {"action_flag": 1, "action_time": "2017-08-15T16:06:27.432", "object_repr": "TopicTaxonomy object", "object_id": "8", "change_message": "", "user": 1, "content_type": 1}, "model": "admin.logentry", "pk": 30}, {"fields": {"action_flag": 1, "action_time": "2017-08-15T16:06:53.849", "object_repr": "TopicTaxonomy object", "object_id": "9", "change_message": "", "user": 1, "content_type": 1}, "model": "admin.logentry", "pk": 31}, {"fields": {"action_flag": 1, "action_time": "2017-08-15T16:07:46.778", "object_repr": "TopicTaxonomy object", "object_id": "10", "change_message": "", "user": 1, "content_type": 1}, "model": "admin.logentry", "pk": 32}, {"fields": {"action_flag": 1, "action_time": "2017-08-15T16:08:12.146", "object_repr": "TopicTaxonomy object", "object_id": "11", "change_message": "", "user": 1, "content_type": 1}, "model": "admin.logentry", "pk": 33}, {"fields": {"action_flag": 1, "action_time": "2017-08-15T16:08:39.403", "object_repr": "TopicTaxonomy object", "object_id": "12", "change_message": "", "user": 1, "content_type": 1}, "model": "admin.logentry", "pk": 34}, {"fields": {"action_flag": 2, "action_time": "2017-08-16T09:23:41.159", "object_repr": "Biota", "object_id": "1", "change_message": "Modificado/a description.", "user": 1, "content_type": 2}, "model": "admin.logentry", "pk": 35}, {"fields": {"action_flag": 2, "action_time": "2017-08-16T09:23:59.029", "object_repr": "Boundaries", "object_id": "4", "change_message": "Modificado/a description.", "user": 1, "content_type": 2}, "model": "admin.logentry", "pk": 36}, {"fields": {"action_flag": 2, "action_time": "2017-08-16T09:24:09.902", "object_repr": "Climatology Meteorology Atmosphere", "object_id": "5", "change_message": "Modificado/a description.", "user": 1, "content_type": 2}, "model": "admin.logentry", "pk": 37}, {"fields": {"action_flag": 2, "action_time": "2017-08-16T09:24:17.841", "object_repr": "Economy", "object_id": "6", "change_message": "Modificado/a description.", "user": 1, "content_type": 2}, "model": "admin.logentry", "pk": 38}, {"fields": {"action_flag": 2, "action_time": "2017-08-16T09:24:26.591", "object_repr": "Elevation", "object_id": "7", "change_message": "Modificado/a description.", "user": 1, "content_type": 2}, "model": "admin.logentry", "pk": 39}, {"fields": {"action_flag": 2, "action_time": "2017-08-16T09:24:34.748", "object_repr": "Environment", "object_id": "3", "change_message": "Modificado/a description.", "user": 1, "content_type": 2}, "model": "admin.logentry", "pk": 40}, {"fields": {"action_flag": 2, "action_time": "2017-08-16T09:24:45.933", "object_repr": "Farming", "object_id": "2", "change_message": "Modificado/a description.", "user": 1, "content_type": 2}, "model": "admin.logentry", "pk": 41}, {"fields": {"action_flag": 2, "action_time": "2017-08-16T09:24:56.845", "object_repr": "Geoscientific Information", "object_id": "8", "change_message": "Modificado/a description.", "user": 1, "content_type": 2}, "model": "admin.logentry", "pk": 42}, {"fields": {"action_flag": 2, "action_time": "2017-08-16T09:25:06.903", "object_repr": "Health", "object_id": "9", "change_message": "Modificado/a description.", "user": 1, "content_type": 2}, "model": "admin.logentry", "pk": 43}, {"fields": {"action_flag": 2, "action_time": "2017-08-16T09:25:18.685", "object_repr": "Imagery Base Maps Earth Cover", "object_id": "10", "change_message": "Modificado/a description.", "user": 1, "content_type": 2}, "model": "admin.logentry", "pk": 44}, {"fields": {"action_flag": 2, "action_time": "2017-08-16T09:25:26.443", "object_repr": "Inland Waters", "object_id": "11", "change_message": "Modificado/a description.", "user": 1, "content_type": 2}, "model": "admin.logentry", "pk": 45}, {"fields": {"action_flag": 2, "action_time": "2017-08-16T09:25:34.430", "object_repr": "Intelligence Military", "object_id": "12", "change_message": "Modificado/a description.", "user": 1, "content_type": 2}, "model": "admin.logentry", "pk": 46}, {"fields": {"action_flag": 2, "action_time": "2017-08-16T09:25:45.278", "object_repr": "Location", "object_id": "13", "change_message": "Modificado/a description.", "user": 1, "content_type": 2}, "model": "admin.logentry", "pk": 47}, {"fields": {"action_flag": 2, "action_time": "2017-08-16T09:25:53.733", "object_repr": "Oceans", "object_id": "14", "change_message": "Modificado/a description.", "user": 1, "content_type": 2}, "model": "admin.logentry", "pk": 48}, {"fields": {"action_flag": 2, "action_time": "2017-08-16T09:26:03.325", "object_repr": "Planning Cadastre", "object_id": "15", "change_message": "Modificado/a description.", "user": 1, "content_type": 2}, "model": "admin.logentry", "pk": 49}, {"fields": {"action_flag": 2, "action_time": "2017-08-16T09:26:10.822", "object_repr": "Planning Cadastre", "object_id": "15", "change_message": "Modificado/a description.", "user": 1, "content_type": 2}, "model": "admin.logentry", "pk": 50}, {"fields": {"action_flag": 2, "action_time": "2017-08-16T09:26:19.780", "object_repr": "Society", "object_id": "16", "change_message": "Modificado/a description.", "user": 1, "content_type": 2}, "model": "admin.logentry", "pk": 51}, {"fields": {"action_flag": 2, "action_time": "2017-08-16T09:26:29.588", "object_repr": "Structure", "object_id": "17", "change_message": "Modificado/a description.", "user": 1, "content_type": 2}, "model": "admin.logentry", "pk": 52}, {"fields": {"action_flag": 2, "action_time": "2017-08-16T09:26:39.504", "object_repr": "Transportation", "object_id": "18", "change_message": "Modificado/a description.", "user": 1, "content_type": 2}, "model": "admin.logentry", "pk": 53}, {"fields": {"action_flag": 2, "action_time": "2017-08-16T09:26:49.855", "object_repr": "Utilities Communication", "object_id": "19", "change_message": "Modificado/a description.", "user": 1, "content_type": 2}, "model": "admin.logentry", "pk": 54}, {"fields": {"action_flag": 2, "action_time": "2017-08-16T09:33:35.252", "object_repr": "TopicTaxonomy object", "object_id": "2", "change_message": "Modificado/a icon.", "user": 1, "content_type": 1}, "model": "admin.logentry", "pk": 55}, {"fields": {"action_flag": 2, "action_time": "2017-08-16T09:34:23.578", "object_repr": "TopicTaxonomy object", "object_id": "3", "change_message": "Modificado/a icon.", "user": 1, "content_type": 1}, "model": "admin.logentry", "pk": 56}, {"fields": {"action_flag": 2, "action_time": "2017-08-16T09:34:34.558", "object_repr": "TopicTaxonomy object", "object_id": "4", "change_message": "Modificado/a icon.", "user": 1, "content_type": 1}, "model": "admin.logentry", "pk": 57}, {"fields": {"action_flag": 2, "action_time": "2017-08-16T09:34:59.682", "object_repr": "TopicTaxonomy object", "object_id": "5", "change_message": "Modificado/a icon.", "user": 1, "content_type": 1}, "model": "admin.logentry", "pk": 58}, {"fields": {"action_flag": 2, "action_time": "2017-08-16T09:35:12.495", "object_repr": "TopicTaxonomy object", "object_id": "6", "change_message": "Modificado/a icon.", "user": 1, "content_type": 1}, "model": "admin.logentry", "pk": 59}, {"fields": {"action_flag": 2, "action_time": "2017-08-16T09:35:23.644", "object_repr": "TopicTaxonomy object", "object_id": "7", "change_message": "Modificado/a icon.", "user": 1, "content_type": 1}, "model": "admin.logentry", "pk": 60}, {"fields": {"action_flag": 2, "action_time": "2017-08-16T09:35:34.191", "object_repr": "TopicTaxonomy object", "object_id": "8", "change_message": "Modificado/a icon.", "user": 1, "content_type": 1}, "model": "admin.logentry", "pk": 61}, {"fields": {"action_flag": 2, "action_time": "2017-08-16T09:35:45.310", "object_repr": "TopicTaxonomy object", "object_id": "1", "change_message": "Modificado/a icon.", "user": 1, "content_type": 1}, "model": "admin.logentry", "pk": 62}, {"fields": {"action_flag": 2, "action_time": "2017-08-16T09:35:58.085", "object_repr": "TopicTaxonomy object", "object_id": "9", "change_message": "Modificado/a icon.", "user": 1, "content_type": 1}, "model": "admin.logentry", "pk": 63}, {"fields": {"action_flag": 2, "action_time": "2017-08-16T09:36:10.209", "object_repr": "TopicTaxonomy object", "object_id": "10", "change_message": "Modificado/a icon.", "user": 1, "content_type": 1}, "model": "admin.logentry", "pk": 64}, {"fields": {"action_flag": 2, "action_time": "2017-08-16T09:36:20.551", "object_repr": "TopicTaxonomy object", "object_id": "11", "change_message": "Modificado/a icon.", "user": 1, "content_type": 1}, "model": "admin.logentry", "pk": 65}, {"fields": {"action_flag": 2, "action_time": "2017-08-16T09:36:31.070", "object_repr": "TopicTaxonomy object", "object_id": "12", "change_message": "Modificado/a icon.", "user": 1, "content_type": 1}, "model": "admin.logentry", "pk": 66}, {"fields": {"action_flag": 2, "action_time": "2017-08-16T09:36:51.815", "object_repr": "TopicTaxonomy object", "object_id": "2", "change_message": "Modificado/a image.", "user": 1, "content_type": 1}, "model": "admin.logentry", "pk": 67}, {"fields": {"action_flag": 2, "action_time": "2017-08-16T09:37:05.349", "object_repr": "TopicTaxonomy object", "object_id": "2", "change_message": "Modificado/a image y icon.", "user": 1, "content_type": 1}, "model": "admin.logentry", "pk": 68}, {"fields": {"action_flag": 2, "action_time": "2017-08-16T09:37:19.486", "object_repr": "TopicTaxonomy object", "object_id": "2", "change_message": "Modificado/a icon.", "user": 1, "content_type": 1}, "model": "admin.logentry", "pk": 69}, {"fields": {"action_flag": 2, "action_time": "2017-08-16T09:37:42.119", "object_repr": "TopicTaxonomy object", "object_id": "2", "change_message": "Modificado/a image.", "user": 1, "content_type": 1}, "model": "admin.logentry", "pk": 70}, {"fields": {"action_flag": 2, "action_time": "2017-08-16T09:37:46.948", "object_repr": "TopicTaxonomy object", "object_id": "2", "change_message": "Modificado/a image.", "user": 1, "content_type": 1}, "model": "admin.logentry", "pk": 71}]